X16S_seq_number	Kingdom	Phylum	Class	Order	Family	Genus	Species
merged_16S_6859	Bacteria	Abditibacteriota	Abditibacteria	Abditibacteriales	Abitibacteriaceae	Abditibacterium	
merged_16S_4542	Bacteria	Tenericutes	Mollicutes	Acholeplasmatales	Acholeplasmataceae	Cand Phytoplasma	
merged_16S_173	Bacteria	Proteobacteria	Gammaproteobacteria	Acidiferrobacterales	Acidiferrobacteraceae	Sulfuricaulis	
merged_16S_157	Bacteria	Actinobacteria	Acidimicrobiia	Acidimicrobiales	Iamiaceae	Iamia	
merged_16S_5304	Bacteria	Actinobacteria	Acidimicrobiia	Acidimicrobiales	Ilumatobacteraceae	Desertimonas	
merged_16S_91	Bacteria	Actinobacteria	Acidimicrobiia	Acidimicrobiales	Acidimicrobiales	Acidimicrobiales	
merged_16S_31	Bacteria	Actinobacteria	Acidimicrobiia	Acidimicrobiales	Acidimicrobiaceae	Acidimicrobiaceae	
merged_16S_192	Bacteria	Actinobacteria	Acidimicrobiia	Acidimicrobiia	Acidimicrobiia	Acidimicrobiia	
merged_16S_6383	Bacteria	Proteobacteria	Acidithiobacillia	Acidithiobacillales	Acidithiobacillaceae	Acidithiobacillus	
merged_16S_12	Bacteria	Acidobacteria	Acidobacteria	Acidobacteria	Acidobacteria	Acidobacteria	
merged_16S_19	Bacteria	Acidobacteria	Acidobacteriia	Acidobacteriales	Acidobacteriaceae	Acidobacteriaceae	
merged_16S_1215	Bacteria	Acidobacteria	Acidobacteriia	Acidobacteriia	Acidobacteriia	Acidobacteriia	
merged_16S_108	Bacteria	Actinobacteria	Actinobacteria	Actinobacteria	Actinobacteria	Actinobacteria	
merged_16S_54	Bacteria	Actinobacteria	Actinobacteria	Actinobacteria	Actinobacteria	Actinobacteria	
merged_16S_1241	Bacteria	Actinobacteria	Actinobacteria	Actinomycetales	Actinomycetales	Actinomycetales	
merged_16S_1452	Bacteria	Actinobacteria	Actinobacteria	Actinomycetales	Actinomycetaceae	Actinomycetaceae	
merged_16S_4322	Bacteria	Proteobacteria	Gammaproteobacteria	Aeromonadales	Aeromonadaceae	Aeromonadaceae	
merged_16S_53	Bacteria	Proteobacteria	Alphaproteobacteria	Alphaproteobacteria	Alphaproteobacteria	Alphaproteobacteria	
merged_16S_19122	Bacteria	Proteobacteria	Gammaproteobacteria	Alteromonadales	Pseudoalteromonadaceae	Pseudoalteromonas	
merged_16S_13615	Bacteria	Proteobacteria	Gammaproteobacteria	Alteromonadales	Idiomarinaceae	Idiomarina	
merged_16S_450	Bacteria	Proteobacteria	Gammaproteobacteria	Alteromonadales	Alteromonadaceae	Alteromonas	
merged_16S_486	Bacteria	Chloroflexi	Anaerolineae	Anaerolineae	Anaerolineae	Anaerolineae	
merged_16S_90	Bacteria	Chloroflexi	Anaerolineae	Anaerolineales	Anaerolineaceae	Anaerolineaceae	
merged_16S_1048	Bacteria	Aquificae	Aquificae	Aquificae	Aquificae	Aquificae	
merged_16S_1283	Bacteria	Aquificae	Aquificae	Aquificales	Hydrogenothermaceae	Persephonella	
merged_16S_7993	Bacteria	Aquificae	Aquificae	Aquificales	Aquificaceae	Hydrogenobacter	
merged_16S_402	Bacteria	Aquificae	Aquificae	Aquificales	Aquificales	Aquificales	
merged_16S_30	Archaea	Archaea	Archaea	Archaea	Archaea	Archaea	
merged_16S_1858	Archaea	Euryarchaeota	Archaeoglobi	Archaeoglobales	Archaeoglobaceae	Geoglobus	
merged_16S_270	Bacteria	Chloroflexi	Ardenticatenia	Ardenticatenales	Ardenticatenaceae	Ardenticatena	
merged_16S_3115	Bacteria	Armatimonadetes	Armatimonadia	Armatimonadales	Armatimonadaceae	Armatimonas	
merged_16S_9430	Bacteria	Armatimonadetes	Armatimonadia	Armatimonadia	Armatimonadia	Armatimonadia	
merged_16S_1826	Bacteria	Firmicutes	Bacilli	Bacillales	Thermoactinomycetaceae	Thermoactinomyces	
merged_16S_118	Bacteria	Firmicutes	Bacilli	Bacillales	Staphylococcaceae	Staphylococcus	
merged_16S_1	Bacteria	Firmicutes	Bacilli	Bacillales	Sporolactobacillaceae	Sporolactobacillus	
merged_16S_1941	Bacteria	Firmicutes	Bacilli	Bacillales	Planococcaceae	Planomicrobium	
merged_16S_503	Bacteria	Firmicutes	Bacilli	Bacillales	Paenibacillaceae	Paenibacillus	
merged_16S_42	Bacteria	Firmicutes	Bacilli	Bacillales	Bacillaceae	Bacillus	
merged_16S_501	Bacteria	Firmicutes	Bacilli	Bacillales	Bacillales	Bacillales	
merged_16S_658	Bacteria	Firmicutes	Bacilli	Bacillales	Alicyclobacillaceae	Alicyclobacillus	
merged_16S_1528	Bacteria	Firmicutes	Bacilli	Bacilli	Bacilli	Bacilli	
merged_16S_14	Bacteria	Bacteria	Bacteria	Bacteria	Bacteria	Bacteria	
merged_16S_6319	Bacteria	Proteobacteria	Oligoflexia	Bacteriovoracales	Bacteriovoracaceae	Bacteriovoracaceae	
merged_16S_401	Bacteria	Bacteroidetes	Bacteroidia	Bacteroidales	Prevotellaceae	Prevotellamassilia	
merged_16S_2023	Bacteria	Bacteroidetes	Bacteroidia	Bacteroidales	Porphyromonadaceae	Porphyromonas	
merged_16S_3204	Bacteria	Bacteroidetes	Bacteroidia	Bacteroidales	Lentimicrobiaceae	Lentimicrobium	
merged_16S_2132	Bacteria	Bacteroidetes	Bacteroidia	Bacteroidales	Bacteroidaceae	Bacteroides	
merged_16S_6173	Bacteria	Bacteroidetes	Bacteroidia	Bacteroidales	Bacteroidales	Bacteroidales	
merged_16S_944	Bacteria	Bacteroidetes	Bacteroidetes	Bacteroidetes	Bacteroidetes	Bacteroidetes	
merged_16S_1240	Bacteria	Bacteroidetes	Bacteroidetes	Bacteroidetes _II_IncSed	Rhodothermaceae	Rhodothermus	
merged_16S_12480	Bacteria	Bacteroidetes	Bacteroidia	Bacteroidia	Bacteroidia	Bacteroidia	
merged_16S_11801	Bacteria	Balneolaeota	Balneolia	Balneolales	Balneolaceae	Balneolaceae	
merged_16S_1549	Bacteria	Proteobacteria	Oligoflexia	Bdellovibrionales	Bdellovibrionaceae	Bdellovibrio	
merged_16S_158	Bacteria	Proteobacteria	Betaproteobacteria	Betaproteobacteria	Betaproteobacteria	Betaproteobacteria	
merged_16S_19862	Bacteria	Actinobacteria	Actinobacteria	Bifidobacteriales	Bifidobacteriales	Cand Ancillula	
merged_16S_11275	Bacteria	Actinobacteria	Actinobacteria	Bifidobacteriales	Bifidobacteriaceae	Bifidobacterium	
merged_16S_529	Bacteria	Acidobacteria	Blastocatellia	Blastocatellales	Blastocatellaceae	Stenotrophobacter	
merged_16S_182	Bacteria	Acidobacteria	Blastocatellia	Blastocatellales	Pyrinomonadaceae	Brevitalea	
merged_16S_5408	Bacteria	Acidobacteria	Blastocatellia	Blastocatellales	Blastocatellales	Blastocatellales	
merged_16S_2854	Bacteria	Acidobacteria	Acidobacteriia	Bryobacterales	Bryobacteraceae	Paludibaculum	
merged_16S_5764	Bacteria	Acidobacteria	Acidobacteriia	Bryobacterales	Solibacteraceae	Cand_Solibacter	
merged_16S_2909	Bacteria	Acidobacteria	Acidobacteriia	Bryobacterales	Bryobacterales	Bryobacterales	
merged_16S_51	Bacteria	Proteobacteria	Betaproteobacteria	Burkholderiales	Burkholderiales	Thiobacter	
merged_16S_25	Bacteria	Proteobacteria	Betaproteobacteria	Burkholderiales	Oxalobacteraceae	Oxalobacteraceae	
merged_16S_162	Bacteria	Proteobacteria	Betaproteobacteria	Burkholderiales	Comamonadaceae	Comamonadaceae	
merged_16S_1057	Bacteria	Proteobacteria	Betaproteobacteria	Burkholderiales	Burkholderiaceae	Burkholderiaceae	
merged_16S_6794	Bacteria	Proteobacteria	Betaproteobacteria	Burkholderiales	Alcaligenaceae	Alcaligenaceae	
merged_16S_2953	Bacteria	Chloroflexi	Caldilineae	Caldilineales	Cand_Amarolineaceae	Cand Amarolinea	
merged_16S_271	Bacteria	Chloroflexi	Caldilineae	Caldilineales	Caldilineales	Caldilineales	
merged_16S_915	Bacteria	Chloroflexi	Caldilineae	Caldilineales	Caldilineaceae	Caldilineaceae	
merged_16S_4681	Bacteria	Calditrichaeota	Calditrichaeota	Calditrichaeota	Calditrichaeota	Calditrichaeota	
merged_16S_2433	Bacteria	Calditrichaeota	Calditrichae	Calditrichales	Calditrichaceae	Caldithrix	
merged_16S_18	Bacteria	Proteobacteria	Epsilonproteobacteria	Campylobacterales	Campylobacteraceae	Sulfurospirillum	
merged_16S_17535	Bacteria	Proteobacteria	Epsilonproteobacteria	Campylobacterales	Helicobacteraceae	Sulfuricurvum	
merged_16S_4065	Bacteria	Cand_Babeliae	Cand_Babeliae	Cand_Babeliales	Cand_Babeliaceae	Cand_Babela	
merged_16S_3	Bacteria	Cand_Bacteria.NC10	Cand_Bacteria.NC10	Cand_Bacteria.NC10	Cand_Bacteria.NC10	Cand_Methylomirabilis	
merged_16S_592	Bacteria	Planctomycetes	Cand_Brocadiae	Cand_Brocadiales	Cand_Brocadiaceae	Cand Kuenenia	
merged_16S_16903	Archaea	Cand_Micrarchaeota	Cand_Micrarchaeota	Cand_Micrarchaeota	Cand_Micrarchaeota	Cand_Mancarchaeum	
merged_16S_146	Archaea	Thaumarchaeota	Nitrososphaeria	Cand_Nitrosocaldales	Cand_Nitrosocaldaceae	Cand Nitrosocaldus	
merged_16S_2701	Bacteria	Cand_Peregrinibacteria	Cand_Peribacteria	Cand_Peribacterales	Cand_Peribacterales	Cand Peribacter	
merged_16S_6520	Bacteria	Cand_Peregrinibacteria	Cand_Peribacteria	Cand_Peribacteria	Cand_Peribacteria	Cand_Peribacteria	
merged_16S_8679	Bacteria	Cand_Saccharibacteria	Cand_Saccharibacteria	Cand_Saccharibacteria	Cand_Saccharibacteria	Cand_Saccharimonas	
merged_16S_7229	Bacteria	Cand_Parcubacteria	Cand_Sonnebornia	Cand_Sonnebornia	Cand_Sonnebornia	Cand_Sonnebornia	
merged_16S_4954	Bacteria	Cand_Sumerlaeota	Cand_Sumerlaeia	Cand_Sumerlaeales	Cand_Sumerlaeaceae	Cand Sumerlaeaceae	
merged_16S_534	Bacteria	Cand_Tectomicrobia	Cand_Tectomicrobia	Cand_Tectomicrobia	Cand_Tectomicrobia	Cand_Entotheonella	
merged_16S_6922	Bacteria	Chloroflexi	Cand_Thermofonsia	Cand_Thermofonsia	Cand_Thermofonsia	Cand_Roseilinea	
merged_16S_16866	Bacteria	Armatimonadetes	Armatimonadia	Capsulimonadales	Capsulimonadaceae	Capsulimonas	
merged_16S_9651	Bacteria	Actinobacteria	Actinobacteria	Catenulisporales	Actinospicaceae	Actinocrinis	
merged_16S_753	Bacteria	Proteobacteria	Alphaproteobacteria	Caulobacterales	Caulobacteraceae	Brevundimonas	
merged_16S_10924	Bacteria	Proteobacteria	Gammaproteobacteria	Cellvibrionales	Spongiibacteraceae	Spongiibacter	
merged_16S_2283	Bacteria	Proteobacteria	Gammaproteobacteria	Cellvibrionales	Halieaceae	Haliea	
merged_16S_18014	Bacteria	Proteobacteria	Gammaproteobacteria	Cellvibrionales	Cellvibrionales	Cellvibrionales	
merged_16S_2469	Bacteria	Proteobacteria	Gammaproteobacteria	Cellvibrionales	Cellvibrionaceae	Cellvibrio	
merged_16S_3881	Bacteria	Fibrobacteres	Chitinispirillia	Chitinispirillales	Chitinispirillaceae	Chitinispirillum	
merged_16S_183	Bacteria	Bacteroidetes	Chitinophagia	Chitinophagales	Chitinophagaceae	Cnuella	
merged_16S_4370	Bacteria	Chlamydiae	Chlamydiia	Chlamydiales	Chlamydiales	Chlamydiales	
merged_16S_19719	Bacteria	Chlamydiae	Chlamydiia	Chlamydiales	Chlamydiaceae	Chlamydia	
merged_16S_20066	Bacteria	Chlamydiae	Chlamydiia	Chlamydiales	Cand Clavichlamydiaceae	Cand Clavichlamydia	
merged_16S_3014	Bacteria	Chlamydiae	Chlamydiia	Chlamydiia	Chlamydiia	Chlamydiia	
merged_16S_3359	Bacteria	Chlorobi	Chlorobia	Chlorobiales	Chlorobiaceae	Prosthecochloris	
merged_16S_2432	Bacteria	Chloroflexi	Chloroflexia	Chloroflexales	Roseiflexaceae	Kouleothrix	
merged_16S_783	Bacteria	Chloroflexi	Chloroflexia	Chloroflexales	Chloroflexaceae	Chloroflexus	
merged_16S_13004	Bacteria	Chloroflexi	Chloroflexia	Chloroflexales	Chloroflexales	Chloroflexales	
merged_16S_12283	Bacteria	Chloroflexi	Chloroflexia	Chloroflexales	Oscillochloridaceae	Cand Chloroploca	
merged_16S_20	Bacteria	Chloroflexi	Chloroflexi	Chloroflexi	Chloroflexi	Chloroflexi	
merged_16S_3635	Bacteria	Chloroflexi	Chloroflexia	Chloroflexia	Chloroflexia	Chloroflexia	
merged_16S_17778	Bacteria	Proteobacteria	Cyanobacteria	Chromatiales	Thioprofundaceae	Thioprofundum	
merged_16S_4249	Bacteria	Proteobacteria	Gammaproteobacteria	Chromatiales	Chromatiaceae	Nitrosococcus	
merged_16S_211	Bacteria	Proteobacteria	Gammaproteobacteria	Chromatiales	Chromatiales	Chromatiales	
merged_16S_511	Bacteria	Proteobacteria	Gammaproteobacteria	Chromatiales	Ectothiorhodospiraceae	Cand_Macondimonas	
merged_16S_289	Bacteria	Cyanobacteria	Cyanobacteria	Chroococcales	Microcystaceae	Microcystis	
merged_16S_6559	Bacteria	Cyanobacteria	Cyanobacteria	Chroococcales	Aphanothecaceae	Cand Atelocyanobacterium	
merged_16S_19345	Bacteria	Cyanobacteria	Cyanobacteria	Chroococcidiopsidales	Chroococcidiopsidaceae	Chroococcidiopsis	
merged_16S_12758	Bacteria	Verrucomicrobia	Spartobacteria	Chthoniobacterales	Chthoniobacteraceae	Cand_Udaeobacter	
merged_16S_15897	Bacteria	Armatimonadetes	Chthonomonadetes	Chthonomonadales	Chthonomonadaceae	Chthonomonas	
merged_16S_133	Bacteria	Firmicutes	Clostridia	Clostridia	Clostridia	Clostridia	
merged_16S_3327	Bacteria	Firmicutes	Clostridia	Clostridiales	Symbiobacteriaceae	Symbiobacterium	
merged_16S_705	Bacteria	Firmicutes	Clostridia	Clostridiales	Ruminococcaceae	Ruminococcaceae	
merged_16S_18759	Bacteria	Firmicutes	Clostridia	Clostridiales	Proteinivoraceae	Proteinivorax	
merged_16S_4610	Bacteria	Firmicutes	Clostridia	Clostridiales	Peptostreptococcaceae	Peptostreptococcaceae	
merged_16S_951	Bacteria	Firmicutes	Clostridia	Clostridiales	Peptococcaceae	Peptococcaceae	
merged_16S_8699	Bacteria	Firmicutes	Clostridia	Clostridiales	Hungateiclostridiaceae	Hungateiclostridiaceae	
merged_16S_6740	Bacteria	Firmicutes	Clostridia	Clostridiales	Eubacteriaceae	Eubacteriaceae	
merged_16S_5509	Bacteria	Firmicutes	Clostridia	Clostridiales	Syntrophomonadaceae	Dethiobacter	
merged_16S_669	Bacteria	Firmicutes	Clostridia	Clostridiales	Clostridiaceae	Clostridium	
merged_16S_894	Bacteria	Firmicutes	Clostridia	Clostridiales	Clostridiales	Clostridiales	
merged_16S_15338	Bacteria	Firmicutes	Clostridia	Clostridiales	Christensenellaceae	Christensenella	
merged_16S_293	Bacteria	Firmicutes	Clostridia	Clostridiales	Clostridiales_XVI	Carboxydocella	
merged_16S_767	Bacteria	Firmicutes	Clostridia	Clostridiales	Heliobacteriaceae	Cand_Heliomonas	
merged_16S_1294	Bacteria	Firmicutes	Clostridia	Clostridiales	Lachnospiraceae	Blautia	
merged_16S_6749	Bacteria	Firmicutes	Clostridia	Clostridiales	Clostridiales_XIII	Aminipila	
merged_16S_5588	Bacteria	Actinobacteria	Coriobacteriia	Coriobacteriales	Coriobacteriaceae	Coriobacteriaceae	
merged_16S_11014	Bacteria	Actinobacteria	Coriobacteriia	Coriobacteriales	Atopobiaceae	Atopobium	
merged_16S_1444	Bacteria	Actinobacteria	Actinobacteria	Corynebacteriales	Williamsiaceae	Williamsia	
merged_16S_1876	Bacteria	Actinobacteria	Actinobacteria	Corynebacteriales	Nocardiaceae	Nocardia	
merged_16S_94	Bacteria	Actinobacteria	Actinobacteria	Corynebacteriales	Mycobacteriaceae	Mycobacteriaceae	
merged_16S_236	Bacteria	Actinobacteria	Actinobacteria	Corynebacteriales	Corynebacteriales	Lawsonella	
merged_16S_11372	Bacteria	Actinobacteria	Actinobacteria	Corynebacteriales	Gordoniaceae	Gordonia	
merged_16S_1665	Bacteria	Actinobacteria	Actinobacteria	Corynebacteriales	Dietziaceae	Dietzia	
merged_16S_76	Bacteria	Actinobacteria	Actinobacteria	Corynebacteriales	Corynebacteriaceae	Corynebacterium	
merged_16S_6255	Bacteria	Actinobacteria	Actinobacteria	Cryptosporangiales	Cryptosporangiaceae	Cryptosporangium	
merged_16S_2745	Bacteria	Cyanobacteria	Cyanobacteria	Cyanobacteria	Cyanobacteria	Cyanobacteria	
merged_16S_20226	Bacteria	Tenericutes	Cyanobacteria	Cyanobacteria	Cyanobacteria	Cand_Izimaplasma	
merged_16S_4631	Bacteria	Bacteroidetes	Cytophagia	Cytophagales	Flammeovirgaceae	Roseivirga	
merged_16S_244	Bacteria	Bacteroidetes	Cytophagia	Cytophagales	Cytophagaceae	Ohtaekwangia	
merged_16S_208	Bacteria	Bacteroidetes	Cytophagia	Cytophagales	Hymenobacteraceae	Hymenobacter	
merged_16S_2220	Bacteria	Bacteroidetes	Cytophagia	Cytophagales	Cytophagales	Cytophagales	
merged_16S_8904	Bacteria	Bacteroidetes	Cytophagia	Cytophagales	Cyclobacteriaceae	Cyclobacteriaceae	
merged_16S_8137	Bacteria	Bacteroidetes	Cytophagia	Cytophagales	Catalimonadaceae	Catalimonadaceae	
merged_16S_17371	Bacteria	Bacteroidetes	Cytophagia	Cytophagales	Amoebophilaceae	Cand Cardinium	
merged_16S_19006	Bacteria	Chloroflexi	Dehalococcoidia	Dehalococcoidales	Dehalococcoidaceae	Dehalococcoides	
merged_16S_724	Bacteria	Chloroflexi	Dehalococcoidia	Dehalococcoidia	Dehalococcoidia	Dehalogenimonas	
merged_16S_5430	Bacteria	Deinococcus-Thermus	Deinococci	Deinococcales	Trueperaceae	Truepera	
merged_16S_3175	Bacteria	Deinococcus-Thermus	Deinococci	Deinococcales	Deinococcaceae	Deinococcus	
merged_16S_60	Bacteria	Proteobacteria	Deltaproteobacteria	Deltaproteobacteria	Deltaproteobacteria	Deltaproteobacteria	
merged_16S_630	Bacteria	Firmicutes	Clostridia	Deltaproteobacteria	Deltaproteobacteria	Deltaproteobacteria	
merged_16S_9290	Bacteria	Proteobacteria	Deltaproteobacteria	Deltaproteobacteria	Cand_Desulfofervidaceae	Cand Desulfofervidus	
merged_16S_8103	Bacteria	Proteobacteria	Deltaproteobacteria	Desulfarculales	Desulfarculaceae	Desulfarculus	
merged_16S_1079	Bacteria	Proteobacteria	Deltaproteobacteria	Desulfobacterales	Desulfobulbaceae	Desulfobulbaceae	
merged_16S_991	Bacteria	Proteobacteria	Deltaproteobacteria	Desulfobacterales	Desulfobacterales	Desulfobacterales	
merged_16S_2332	Bacteria	Proteobacteria	Deltaproteobacteria	Desulfobacterales	Desulfobacteraceae	Desulfobacteraceae	
merged_16S_13335	Bacteria	Proteobacteria	Deltaproteobacteria	Desulfobacterales	Desulfoarculaceae	Desulfoarculus	
merged_16S_2666	Bacteria	Proteobacteria	Deltaproteobacteria	Desulfovibrionales	Desulfovibrionales	Desulfovibrionales	
merged_16S_1156	Bacteria	Proteobacteria	Deltaproteobacteria	Desulfovibrionales	Desulfovibrionaceae	Desulfovibrio	
merged_16S_2120	Bacteria	Proteobacteria	Deltaproteobacteria	Desulfovibrionales	Desulfohalobiaceae	Desulfothermus	
merged_16S_1935	Bacteria	Proteobacteria	Deltaproteobacteria	Desulfovibrionales	Desulfonatronaceae	Desulfonatronum	
merged_16S_17769	Bacteria	Proteobacteria	Deltaproteobacteria	Desulfovibrionales	Desulfomicrobiaceae	Desulfomicrobium	
merged_16S_15979	Bacteria	Proteobacteria	Deltaproteobacteria	Desulfurellales	Desulfurellaceae	Hippea	
merged_16S_2980	Bacteria	Aquificae	Aquificae	Desulfurobacteriales	Desulfurobacteriaceae	Desulfurobacteriaceae	
merged_16S_2954	Archaea	Crenarchaeota	Thermoprotei	Desulfurococcales	Desulfurococcaceae	Desulfurococcaceae	
merged_16S_670	Bacteria	Proteobacteria	Deltaproteobacteria	Desulfuromonadales	Desulfuromonadaceae	Pelobacter	
merged_16S_116	Bacteria	Proteobacteria	Deltaproteobacteria	Desulfuromonadales	Geobacteraceae	Geobacter	
merged_16S_5292	Bacteria	Proteobacteria	Deltaproteobacteria	Desulfuromonadales	Desulfuromonadales	Desulfuromonadales	
merged_16S_3226	Bacteria	Dictyoglomi	Dictyoglomia	Dictyoglomales	Dictyoglomaceae	Dictyoglomus	
merged_16S_1377	Bacteria	Actinobacteria	Coriobacteriia	Eggerthellales	Eggerthellaceae	Slackia	
merged_16S_11697	Bacteria	Actinobacteria	Nitriliruptoria	Egibacterales	Egibacteraceae	Egibacter	
merged_16S_8413	Bacteria	Actinobacteria	Nitriliruptoria	Egicoccales	Egicoccaceae	Egicoccus	
merged_16S_4663	Bacteria	Elusimicrobia	Elusimicrobia	Elusimicrobia	Elusimicrobia	Elusimicrobia	
merged_16S_2932	Bacteria	Elusimicrobia	Endomicrobia	Endomicrobiales	Endomicrobiaceae	Endomicrobium	
merged_16S_47	Bacteria	Proteobacteria	Gammaproteobacteria	Enterobacterales	Yersiniaceae	Serratia	
merged_16S_2424	Bacteria	Proteobacteria	Gammaproteobacteria	Enterobacterales	Erwiniaceae	Pantoea	
merged_16S_62	Bacteria	Proteobacteria	Gammaproteobacteria	Enterobacterales	Enterobacteriaceae	Escherichia	
merged_16S_493	Bacteria	Proteobacteria	Gammaproteobacteria	Enterobacterales	Enterobacterales	Enterobacterales	
merged_16S_15677	Bacteria	Firmicutes	Erysipelotrichia	Erysipelotrichales	Erysipelotrichaceae	Turicibacter	
merged_16S_918	Archaea	Euryarchaeota	Euryarchaeota	Euryarchaeota	Euryarchaeota	Euryarchaeota	
merged_16S_754	Bacteria	Actinobacteria	Nitriliruptoria	Euzebyales	Euzebyaceae	Euzebya	
merged_16S_10096	Bacteria	Proteobacteria	Betaproteobacteria	Ferrovales	Ferrovaceae	Ferrovum	
merged_16S_6696	Bacteria	Armatimonadetes	Fimbriimonadia	Fimbriimonadales	Fimbriimonadaceae	Fimbriimonas	
merged_16S_56	Bacteria	Firmicutes	Firmicutes	Firmicutes	Firmicutes	Firmicutes	
merged_16S_6119	Bacteria	Bacteroidetes	Flavobacteriia	Flavobacteriales	Crocinitomicaceae	Salinirepens	
merged_16S_2238	Bacteria	Bacteroidetes	Flavobacteriia	Flavobacteriales	Flavobacteriaceae	Salinimicrobium	
merged_16S_19537	Bacteria	Bacteroidetes	Flavobacteriia	Flavobacteriales	Cryomorphaceae	Owenweeksia	
merged_16S_9271	Bacteria	Bacteroidetes	Flavobacteriia	Flavobacteriales	Flavobacteriales	Flavobacteriales	
merged_16S_17061	Bacteria	Bacteroidetes	Flavobacteriia	Flavobacteriia	Flavobacteriia	Flavobacteriia	
merged_16S_10343	Bacteria	Actinobacteria	Actinobacteria	Frankiales	Frankiales	Frankiales	
merged_16S_3040	Bacteria	Actinobacteria	Actinobacteria	Frankiales	Frankiaceae	Frankia	
merged_16S_3086	Bacteria	Fusobacteria	Fusobacteriia	Fusobacteriales	Fusobacteriaceae	Fusobacterium	
merged_16S_175	Bacteria	Actinobacteria	Rubrobacteria	Gaiellales	Gaiellaceae	Gaiella	
merged_16S_15922	Bacteria	Proteobacteria	Gammaproteobacteria	Gammaproteobacteria	Cand_Competibacteraceae	Plasticicumulans	
merged_16S_71	Bacteria	Proteobacteria	Gammaproteobacteria	Gammaproteobacteria	Gammaproteobacteria	Gammaproteobacteria	
merged_16S_38	Bacteria	Gemmatimonadetes	Gemmatimonadetes	Gemmatimonadales	Gemmatimonadaceae	Gemmatimonas	
merged_16S_835	Bacteria	Gemmatimonadetes	Gemmatimonadetes	Gemmatimonadetes	Gemmatimonadetes	Gemmatimonadetes	
merged_16S_78	Bacteria	Actinobacteria	Actinobacteria	Geodermatophilales	Geodermatophilaceae	Blastococcus	
merged_16S_12623	Bacteria	Cyanobacteria	Gloeobacteria	Gloeobacterales	Gloeobacteraceae	Gloeobacter	
merged_16S_5289	Bacteria	Actinobacteria	Actinobacteria	Glycomycetales	Glycomycetaceae	Glycomyces	
merged_16S_15522	Bacteria	Firmicutes	Clostridia	Halanaerobiales	Halobacteroidaceae	Sporohalobacter	
merged_16S_15549	Bacteria	Firmicutes	Clostridia	Halanaerobiales	Halanaerobiaceae	Halanaerobiaceae	
merged_16S_12335	Archaea	Euryarchaeota	Halobacteria	Halobacteriales	Haloarculaceae	Halorientalis	
merged_16S_6868	Bacteria	Chloroflexi	Chloroflexia	Herpetosiphonales	Herpetosiphonaceae	Herpetosiphon	
merged_16S_343	Bacteria	Acidobacteria	Holophagae	Holophagales	Holophagaceae	Holophaga	
merged_16S_5891	Bacteria	Proteobacteria	Alphaproteobacteria	Holosporales	Holosporales	Holosporales	
merged_16S_961	Bacteria	Proteobacteria	Alphaproteobacteria	Holosporales	Holosporaceae	Cand_Bealeia	
merged_16S_7668	Bacteria	Proteobacteria	Alphaproteobacteria	Holosporales	Cand Paracaedibacteraceae	Cand Paracaedibacteraceae	
merged_16S_1150	Bacteria	Proteobacteria	Alphaproteobacteria	Holosporales	Caedimonadaceae	Cand Nucleicultrix	
merged_16S_339	Bacteria	Proteobacteria	Hydrogenophilalia	Hydrogenophilales	Hydrogenophilaceae	Hydrogenophilus	
merged_16S_2109	Bacteria	Ignavibacteriae	Ignavibacteria	Ignavibacteriales	Melioribacteraceae	Melioribacter	
merged_16S_1393	Bacteria	Ignavibacteriae	Ignavibacteria	Ignavibacteriales	Ignavibacteriaceae	Ignavibacterium	
merged_16S_15919	Bacteria	Ignavibacteriae	Ignavibacteria	Ignavibacteriales	Ignavibacteriales	Ignavibacteriales	
merged_16S_203	Bacteria	Proteobacteria	Gammaproteobacteria	Immundisolibacterales	Immundisolibacteraceae	Immundisolibacter	
merged_16S_8510	Bacteria	Proteobacteria	Alphaproteobacteria	Iodidimonadales	Iodidimonadales	Iodidimonadales	
merged_16S_4078	Bacteria	Actinobacteria	Actinobacteria	Jiangellales	Jiangellaceae	Jiangellaceae	
merged_16S_2492	Bacteria	Chloroflexi	Chloroflexia	Kallotenuales	Kallotenuaceae	Kallotenue	
merged_16S_712	Bacteria	Actinobacteria	Actinobacteria	Kineosporiales	Kineosporiaceae	Kineosporiaceae	
merged_16S_11990	Bacteria	Kiritimatiellaeota	Kiritimatiellae	Kiritimatiellales	Kiritimatiellaceae	Kiritimatiella	
merged_16S_14358	Bacteria	Thermotogae	Thermotogae	Kosmotogales	Kosmotogaceae	Kosmotoga	
merged_16S_527	Bacteria	Chloroflexi	Ktedonobacteria	Ktedonobacterales	Dictyobacteraceae	Tengunoibacter	
merged_16S_210	Bacteria	Chloroflexi	Ktedonobacteria	Ktedonobacterales	Ktedonobacterales	Ktedonobacterales	
merged_16S_3294	Bacteria	Chloroflexi	Ktedonobacteria	Ktedonobacterales	Ktedonobacteraceae	Ktedonobacter	
merged_16S_1710	Bacteria	Chloroflexi	Ktedonobacteria	Ktedonobacteria	Ktedonobacteria	Ktedonobacteria	
merged_16S_252	Bacteria	Firmicutes	Bacilli	Lactobacillales	Streptococcaceae	Streptococcus	
merged_16S_1255	Bacteria	Firmicutes	Bacilli	Lactobacillales	Leuconostocaceae	Leuconostoc	
merged_16S_4836	Bacteria	Firmicutes	Bacilli	Lactobacillales	Lactobacillaceae	Lactobacillus	
merged_16S_9248	Bacteria	Firmicutes	Bacilli	Lactobacillales	Lactobacillales	Lactobacillales	
merged_16S_6405	Bacteria	Firmicutes	Bacilli	Lactobacillales	Aerococcaceae	Facklamia	
merged_16S_3339	Bacteria	Firmicutes	Bacilli	Lactobacillales	Enterococcaceae	Enterococcus	
merged_16S_770	Bacteria	Firmicutes	Bacilli	Lactobacillales	Carnobacteriaceae	Atopostipes	
merged_16S_7033	Bacteria	Proteobacteria	Gammaproteobacteria	Legionellales	Legionellales	Legionellales	
merged_16S_4457	Bacteria	Proteobacteria	Gammaproteobacteria	Legionellales	Legionellaceae	Legionella	
merged_16S_165	Bacteria	Proteobacteria	Gammaproteobacteria	Legionellales	Coxiellaceae	Coxiellaceae	
merged_16S_17185	Bacteria	Firmicutes	Limnochordia	Limnochordales	Limnochordaceae	Limnochorda	
merged_16S_310	Bacteria	Gemmatimonadetes	Longimicrobia	Longimicrobiales	Longimicrobiaceae	Longimicrobium	
merged_16S_19528	Bacteria	Bacteroidetes	Bacteroidia	Marinilabiliales	Prolixibacteraceae	Prolixibacteraceae	
merged_16S_15305	Bacteria	Bacteroidetes	Bacteroidia	Marinilabiliales	Marinilabiliales	Marinilabiliales	
merged_16S_19696	Bacteria	Bacteroidetes	Bacteroidia	Marinilabiliales	Marinifilaceae	Marinifilum	
merged_16S_4061	Bacteria	Bacteroidetes	Bacteroidia	Marinilabiliales	Marinilabiliaceae	Geofilum	
merged_16S_13427	Archaea	Euryarchaeota	Methanobacteria	Methanobacteriales	Methanothermaceae	Methanothermus	
merged_16S_4778	Archaea	Euryarchaeota	Methanobacteria	Methanobacteriales	Methanobacteriaceae	Methanobrevibacter	
merged_16S_18972	Archaea	Euryarchaeota	Methanobacteria	Methanobacteriales	Methanobacteriales	Methanobacteriales	
merged_16S_13246	Archaea	Euryarchaeota	Methanomicrobia	Methanocellales	Methanocellaceae	Methanocella	
merged_16S_6649	Archaea	Euryarchaeota	Methanococci	Methanococcales	Methanococcaceae	Methanococcus	
merged_16S_8989	Archaea	Euryarchaeota	Methanococci	Methanococcales	Methanocaldococcaceae	Methanocaldococcaceae	
merged_16S_217	Archaea	Euryarchaeota	Thermoplasmata	Methanomassiliicoccales	Methanomassiliicoccaceae	Methanomassiliicoccus	
merged_16S_3167	Archaea	Euryarchaeota	Thermoplasmata	Methanomassiliicoccales	Methanomassiliicoccales	Methanomassiliicoccales	
merged_16S_6621	Archaea	Euryarchaeota	Methanomicrobia	Methanomicrobia	Methanomicrobia	Methanomicrobia	
merged_16S_9191	Archaea	Euryarchaeota	Methanomicrobia	Methanomicrobiales	Methanoregulaceae	Methanolinea	
merged_16S_3425	Archaea	Euryarchaeota	Methanomicrobia	Methanomicrobiales	Methanomicrobiaceae	Methanoculleus	
merged_16S_7393	Archaea	Euryarchaeota	Methanomicrobia	Methanosarcinales	Methermicoccaceae	Methermicoccus	
merged_16S_5272	Archaea	Euryarchaeota	Methanomicrobia	Methanosarcinales	Methanotrichaceae	Methanothrix	
merged_16S_16699	Archaea	Euryarchaeota	Methanomicrobia	Methanosarcinales	Methanosarcinales	Methanosarcinales	
merged_16S_11891	Archaea	Euryarchaeota	Methanomicrobia	Methanosarcinales	Methanosarcinaceae	Methanosarcina	
merged_16S_13414	Bacteria	Proteobacteria	Gammaproteobacteria	Methylococcales	Methylothermaceae	Methylohalobius	
merged_16S_18462	Bacteria	Proteobacteria	Gammaproteobacteria	Methylococcales	Methylococcales	Methylococcales	
merged_16S_3723	Bacteria	Proteobacteria	Gammaproteobacteria	Methylococcales	Methylococcaceae	Methylocaldum	
merged_16S_723	Bacteria	Actinobacteria	Actinobacteria	Micrococcales	Intrasporangiaceae	Ornithinicoccus	
merged_16S_13139	Bacteria	Actinobacteria	Actinobacteria	Micrococcales	Micrococcales	Micrococcales	
merged_16S_5894	Bacteria	Actinobacteria	Actinobacteria	Micrococcales	Dermacoccaceae	Kytococcus	
merged_16S_517	Bacteria	Actinobacteria	Actinobacteria	Micrococcales	Bogoriellaceae	Georgenia	
merged_16S_12457	Bacteria	Actinobacteria	Actinobacteria	Micrococcales	Demequinaceae	Demequina	
merged_16S_404	Bacteria	Actinobacteria	Actinobacteria	Micrococcales	Microbacteriaceae	Curtobacterium	
merged_16S_601	Bacteria	Actinobacteria	Actinobacteria	Micrococcales	Promicromonosporaceae	Cellulosimicrobium	
merged_16S_287	Bacteria	Actinobacteria	Actinobacteria	Micrococcales	Cellulomonadaceae	Cellulomonas	
merged_16S_15864	Bacteria	Actinobacteria	Actinobacteria	Micrococcales	Brevibacteriaceae	Brevibacterium	
merged_16S_19444	Bacteria	Actinobacteria	Actinobacteria	Micrococcales	Dermabacteraceae	Brachybacterium	
merged_16S_45	Bacteria	Actinobacteria	Actinobacteria	Micrococcales	Micrococcaceae	Arthrobacter	
merged_16S_640	Bacteria	Actinobacteria	Actinobacteria	Micromonosporales	Micromonosporaceae	Salinispora	
merged_16S_463	Bacteria	Proteobacteria	Alphaproteobacteria	Micropepsales	Micropepsaceae	Micropepsaceae	
merged_16S_1945	Bacteria	Tenericutes	Mollicutes	Mycoplasmatales	Mycoplasmataceae	Mycoplasma	
merged_16S_9432	Bacteria	Proteobacteria	Deltaproteobacteria	Myxococcales	Vulgatibacteraceae	Vulgatibacter	
merged_16S_4891	Bacteria	Proteobacteria	Deltaproteobacteria	Myxococcales	Sandaracinaceae	Sandaracinus	
merged_16S_691	Bacteria	Proteobacteria	Deltaproteobacteria	Myxococcales	Polyangiaceae	Polyangiaceae	
merged_16S_14915	Bacteria	Proteobacteria	Deltaproteobacteria	Myxococcales	Nannocystaceae	Nannocystis	
merged_16S_575	Bacteria	Proteobacteria	Deltaproteobacteria	Myxococcales	Myxococcales	Myxococcales	
merged_16S_2303	Bacteria	Proteobacteria	Deltaproteobacteria	Myxococcales	Kofleriaceae	Haliangium	
merged_16S_2067	Bacteria	Proteobacteria	Deltaproteobacteria	Myxococcales	Myxococcaceae	Corallococcus	
merged_16S_1067	Bacteria	Proteobacteria	Deltaproteobacteria	Myxococcales	Archangiaceae	Archangiaceae	
merged_16S_2231	Bacteria	Proteobacteria	Deltaproteobacteria	Myxococcales	Anaeromyxobacteraceae	Anaeromyxobacter	
merged_16S_1090	Bacteria	Actinobacteria	Actinobacteria	Nakamurellales	Nakamurellaceae	Nakamurellaceae	
merged_16S_17444	Bacteria	Firmicutes	Clostridia	Natranaerobiales	Natranaerobiaceae	Natranaerobius	
merged_16S_14606	Bacteria	Proteobacteria	Epsilonproteobacteria	Nautiliales	Nautiliaceae	Lebetimonas	
merged_16S_18324	Bacteria	Firmicutes	Negativicutes	Negativicutes	Negativicutes	Negativicutes	
merged_16S_16038	Bacteria	Proteobacteria	Betaproteobacteria	Neisseriales	Neisseriales	Neisseriales	
merged_16S_318	Bacteria	Proteobacteria	Betaproteobacteria	Neisseriales	Neisseriaceae	Neisseria	
merged_16S_5428	Bacteria	Proteobacteria	Betaproteobacteria	Neisseriales	Chromobacteriaceae	Chromobacteriaceae	
merged_16S_261	Bacteria	Proteobacteria	Gammaproteobacteria	Nevskiales	Sinobacteraceae	Povalibacter	
merged_16S_3637	Bacteria	Proteobacteria	Gammaproteobacteria	Nevskiales	Nevskiales	Nevskiales	
merged_16S_5835	Bacteria	Actinobacteria	Nitriliruptoria	Nitriliruptorales	Nitriliruptoraceae	Nitriliruptor	
merged_16S_5066	Bacteria	Actinobacteria	Nitriliruptoria	Nitriliruptoria	Nitriliruptoria	Nitriliruptoria	
merged_16S_13890	Bacteria	Proteobacteria	Betaproteobacteria	Nitrosomonadales	Thiobacillaceae	Thiobacillus	
merged_16S_584	Bacteria	Proteobacteria	Betaproteobacteria	Nitrosomonadales	Sterolibacteriaceae	Sterolibacteriaceae	
merged_16S_2262	Bacteria	Proteobacteria	Betaproteobacteria	Nitrosomonadales	Nitrosomonadaceae	Nitrosospira	
merged_16S_9	Bacteria	Proteobacteria	Betaproteobacteria	Nitrosomonadales	Nitrosomonadales	Nitrosomonadales	
merged_16S_2541	Bacteria	Proteobacteria	Betaproteobacteria	Nitrosomonadales	Methylophilaceae	Methylophilus	
merged_16S_6488	Bacteria	Proteobacteria	Betaproteobacteria	Nitrosomonadales	Gallionellaceae	Ferrigenium	
merged_16S_1155	Archaea	Thaumarchaeota	Thaumarchaeota	Nitrosopumilales	Nitrosopumilaceae	Nitrosarchaeum	
merged_16S_43	Archaea	Thaumarchaeota	Nitrososphaeria	Nitrososphaerales	Nitrososphaeraceae	Nitrososphaera	
merged_16S_5340	Archaea	Thaumarchaeota	Nitrososphaeria	Nitrososphaeria	Nitrososphaeria	Nitrososphaeria	
merged_16S_13642	Bacteria	Nitrospinae	Nitrospinia	Nitrospinales	Nitrospinaceae	Nitrospina	
merged_16S_17104	Bacteria	Nitrospirae	Nitrospira	Nitrospirales	Nitrospirales	Nitrospirales	
merged_16S_57	Bacteria	Nitrospirae	Nitrospira	Nitrospirales	Nitrospiraceae	Nitrospira	
merged_16S_1846	Bacteria	Cyanobacteria	Cyanobacteria	Nostocales	Tolypothrichaceae	Tolypothrix	
merged_16S_3954	Bacteria	Cyanobacteria	Cyanobacteria	Nostocales	Nostocaceae	Nostoc	
merged_16S_4247	Bacteria	Cyanobacteria	Cyanobacteria	Nostocales	Aphanizomenonaceae	Dolichospermum	
merged_16S_17046	Bacteria	Cyanobacteria	Cyanobacteria	Nostocales	Scytonemataceae	Brasilonema	
merged_16S_2294	Bacteria	Proteobacteria	Gammaproteobacteria	Oceanospirillales	Oceanospirillaceae	Marinobacterium	
merged_16S_4	Bacteria	Proteobacteria	Gammaproteobacteria	Oceanospirillales	Halomonadaceae	Halomonas	
merged_16S_1454	Bacteria	Proteobacteria	Gammaproteobacteria	Oceanospirillales	Hahellaceae	Hahellaceae	
merged_16S_8427	Bacteria	Proteobacteria	Gammaproteobacteria	Oceanospirillales	Alcanivoracaceae	Alcanivorax	
merged_16S_6433	Bacteria	Proteobacteria	Oligoflexia	Oligoflexales	Pleurocapsales	Pleurocapsales	
merged_16S_4645	Bacteria	Proteobacteria	Oligoflexia	Oligoflexales	Oligoflexaceae	Oligoflexus	
merged_16S_18079	Bacteria	Proteobacteria	Oligoflexia	Oligoflexia	Oligoflexia	Oligoflexia	
merged_16S_1784	Bacteria	Verrucomicrobia	Opitutae	Opitutales	Opitutaceae	Opitutus	
merged_16S_6103	Bacteria	Cyanobacteria	Cyanobacteria	Oscillatoriales	Oscillatoriales	Oscillatoriales	
merged_16S_16058	Bacteria	Cyanobacteria	Cyanobacteria	Oscillatoriales	Oscillatoriaceae	Oscillatoria	
merged_16S_72	Bacteria	Cyanobacteria	Cyanobacteria	Oscillatoriales	Microcoleaceae	Microcoleus	
merged_16S_10847	Bacteria	Cyanobacteria	Cyanobacteria	Oscillatoriales	Gomontiellaceae	Hormoscilla	
merged_16S_16410	Bacteria	Cyanobacteria	Cyanobacteria	Oscillatoriales	Cyanothecaceae	Cyanothece	
merged_16S_2885	Bacteria	Cyanobacteria	Cyanobacteria	Oscillatoriales	Coleofasciculaceae	Coleofasciculus	
merged_16S_19348	Bacteria	Chlamydiae	Chlamydiia	Parachlamydiales	Waddliaceae	Waddliaceae	
merged_16S_453	Bacteria	Chlamydiae	Chlamydiia	Parachlamydiales	Rhabdochlamydiaceae	Rhabdochlamydiaceae	
merged_16S_8874	Bacteria	Chlamydiae	Chlamydiia	Parachlamydiales	Parachlamydiales	Parachlamydiales	
merged_16S_5626	Bacteria	Chlamydiae	Chlamydiia	Parachlamydiales	Parachlamydiaceae	Parachlamydiaceae	
merged_16S_1727	Bacteria	Proteobacteria	Alphaproteobacteria	Parvularculales	Parvularculaceae	Parvularcula	
merged_16S_2213	Bacteria	Proteobacteria	Gammaproteobacteria	Pasteurellales	Pasteurellaceae	Haemophilus	
merged_16S_5809	Bacteria	Planctomycetes	Phycisphaerae	Phycisphaerae	Phycisphaerae	Phycisphaerae	
merged_16S_1082	Bacteria	Planctomycetes	Phycisphaerae	Phycisphaerales	Phycisphaerales	Phycisphaerales	
merged_16S_6934	Bacteria	Planctomycetes	Phycisphaerae	Phycisphaerales	Phycisphaeraceae	Algisphaera	
merged_16S_335	Bacteria	Planctomycetes	Planctomycetia	Planctomycetales	Planctomycetaceae	Planctomycetaceae	
merged_16S_456	Bacteria	Planctomycetes	Planctomycetia	Planctomycetales	Planctomycetales	Nostocoida	
merged_16S_5724	Bacteria	Planctomycetes	Planctomycetia	Planctomycetales	Isosphaeraceae	Isosphaeraceae	
merged_16S_1481	Bacteria	Planctomycetes	Planctomycetia	Planctomycetales	Gemmataceae	Gemmata	
merged_16S_1301	Bacteria	Planctomycetes	Planctomycetes	Planctomycetes	Planctomycetes	Planctomycetes	
merged_16S_590	Bacteria	Planctomycetes	Planctomycetia	Planctomycetia	Planctomycetia	Planctomycetia	
merged_16S_11176	Bacteria	Cyanobacteria	Cyanobacteria	Pleurocapsales	Pleurocapsales	Pleurocapsales	
merged_16S_1915	Bacteria	Actinobacteria	Actinobacteria	Propionibacteriales	Propionibacteriaceae	Propionibacterium	
merged_16S_7284	Bacteria	Actinobacteria	Actinobacteria	Propionibacteriales	Propionibacteriales	Propionibacteriales	
merged_16S_121	Bacteria	Actinobacteria	Actinobacteria	Propionibacteriales	Nocardioidaceae	Nocardioidaceae	
merged_16S_87	Bacteria	Proteobacteria	Proteobacteria	Proteobacteria	Proteobacteria	Proteobacteria	
merged_16S_227	Bacteria	Proteobacteria	Gammaproteobacteria	Pseudomonadales	Pseudomonadaceae	Pseudomonas	
merged_16S_16079	Bacteria	Proteobacteria	Gammaproteobacteria	Pseudomonadales	Pseudomonadales	Pseudomonadales	
merged_16S_467	Bacteria	Proteobacteria	Gammaproteobacteria	Pseudomonadales	Moraxellaceae	Acinetobacter	
merged_16S_369	Bacteria	Actinobacteria	Actinobacteria	Pseudonocardiales	Pseudonocardiaceae	Actinophytocola	
merged_16S_3750	Bacteria	Verrucomicrobia	Opitutae	Puniceicoccales	Puniceicoccaceae	Ruficoccus	
merged_16S_9610	Bacteria	Proteobacteria	Alphaproteobacteria	Rhizobiales	Salinarimonadaceae	Salinarimonas	
merged_16S_1192	Bacteria	Proteobacteria	Alphaproteobacteria	Rhizobiales	Rhodobiaceae	Rhodobiaceae	
merged_16S_606	Bacteria	Proteobacteria	Alphaproteobacteria	Rhizobiales	Rhizobiaceae	Rhizobium	
merged_16S_153	Bacteria	Proteobacteria	Alphaproteobacteria	Rhizobiales	Hyphomicrobiaceae	Pedomicrobium	
merged_16S_4190	Bacteria	Proteobacteria	Alphaproteobacteria	Rhizobiales	Brucellaceae	Ochrobactrum	
merged_16S_206	Bacteria	Proteobacteria	Alphaproteobacteria	Rhizobiales	Rhizobiales	Nordella	
merged_16S_307	Bacteria	Proteobacteria	Alphaproteobacteria	Rhizobiales	Methylobacteriaceae	Microvirga	
merged_16S_1046	Bacteria	Proteobacteria	Alphaproteobacteria	Rhizobiales	Methylocystaceae	Methylocystaceae	
merged_16S_1907	Bacteria	Proteobacteria	Alphaproteobacteria	Rhizobiales	Xanthobacteraceae	Labrys	
merged_16S_11731	Bacteria	Proteobacteria	Alphaproteobacteria	Rhizobiales	Aurantimonadaceae	Fulvimarina	
merged_16S_3250	Bacteria	Proteobacteria	Alphaproteobacteria	Rhizobiales	Chelatococcaceae	Chelatococcus	
merged_16S_718	Bacteria	Proteobacteria	Alphaproteobacteria	Rhizobiales	Phyllobacteriaceae	Chelativorans	
merged_16S_134	Bacteria	Proteobacteria	Alphaproteobacteria	Rhizobiales	Bradyrhizobiaceae	Bradyrhizobium	
merged_16S_2125	Bacteria	Proteobacteria	Alphaproteobacteria	Rhizobiales	Beijerinckiaceae	Beijerinckia	
merged_16S_512	Bacteria	Proteobacteria	Alphaproteobacteria	Rhodobacterales	Rhodobacteraceae	Rubellimicrobium	
merged_16S_3424	Bacteria	Proteobacteria	Alphaproteobacteria	Rhodobacterales	Rhodobacterales	Rhodobacterales	
merged_16S_16898	Bacteria	Proteobacteria	Alphaproteobacteria	Rhodobacterales	Hyphomonadaceae	Hyphomonadaceae	
merged_16S_3254	Bacteria	Proteobacteria	Betaproteobacteria	Rhodocyclales	Rhodocyclales	Rhodocyclales	
merged_16S_13976	Bacteria	Proteobacteria	Betaproteobacteria	Rhodocyclales	Rhodocyclaceae	Rhodocyclaceae	
merged_16S_5714	Bacteria	Proteobacteria	Betaproteobacteria	Rhodocyclales	Azonexaceae	Dechloromonas	
merged_16S_1018	Bacteria	Proteobacteria	Betaproteobacteria	Rhodocyclales	Zoogloeaceae	Azoarcus	
merged_16S_185	Bacteria	Proteobacteria	Alphaproteobacteria	Rhodospirillales	Rhodospirillales	Rhodospirillales	
merged_16S_79	Bacteria	Proteobacteria	Alphaproteobacteria	Rhodospirillales	Rhodospirillaceae	Rhodospirillaceae	
merged_16S_663	Bacteria	Proteobacteria	Alphaproteobacteria	Rhodospirillales	Geminicoccaceae	Geminicoccaceae	
merged_16S_371	Bacteria	Proteobacteria	Alphaproteobacteria	Rhodospirillales	Acetobacteraceae	Dankookia	
merged_16S_11134	Bacteria	Rhodothermaeota	Rhodothermia	Rhodothermales	Rubricoccaceae	Rubrivirga	
merged_16S_46	Bacteria	Proteobacteria	Alphaproteobacteria	Rickettsiales	Anaplasmataceae	Wolbachia	
merged_16S_5736	Bacteria	Proteobacteria	Alphaproteobacteria	Rickettsiales	Rickettsiales	Rickettsiales	
merged_16S_6268	Bacteria	Proteobacteria	Alphaproteobacteria	Rickettsiales	Rickettsiaceae	Rickettsiaceae	
merged_16S_266	Bacteria	Actinobacteria	Rubrobacteria	Rubrobacterales	Rubrobacteraceae	Rubrobacter	
merged_16S_410	Bacteria	Actinobacteria	Rubrobacteria	Rubrobacteria	Rubrobacteria	Rubrobacteria	
merged_16S_13731	Bacteria	Bacteroidetes	Saprospiria	Saprospirales	Saprospirales	Saprospirales	
merged_16S_19540	Bacteria	Bacteroidetes	Saprospiria	Saprospirales	Saprospiraceae	Rubidimonas	
merged_16S_3802	Bacteria	Bacteroidetes	Saprospiria	Saprospirales	Lewinellaceae	Lewinella	
merged_16S_17043	Bacteria	Planctomycetes	Phycisphaerae	Sedimentisphaerales	Sedimentisphaeraceae	Sedimentisphaera	
merged_16S_2563	Bacteria	Firmicutes	Negativicutes	Selenomonadales	Sporomusaceae	Propionispora	
merged_16S_340	Bacteria	Firmicutes	Negativicutes	Selenomonadales	Selenomonadaceae	Megamonas	
merged_16S_16190	Bacteria	Proteobacteria	Oligoflexia	Silvanigrellales	Silvanigrellales	Silvanigrellales	
merged_16S_18956	Bacteria	Proteobacteria	Alphaproteobacteria	Sneathiellales	Sneathiellaceae	Sneathiellaceae	
merged_16S_715	Bacteria	Actinobacteria	Thermoleophilia	Solirubrobacterales	Solirubrobacterales	Solirubrobacterales	
merged_16S_377	Bacteria	Actinobacteria	Thermoleophilia	Solirubrobacterales	Solirubrobacteraceae	Solirubrobacter	
merged_16S_5333	Bacteria	Actinobacteria	Thermoleophilia	Solirubrobacterales	Patulibacteraceae	Patulibacter	
merged_16S_659	Bacteria	Actinobacteria	Thermoleophilia	Solirubrobacterales	Parviterribacteraceae	Parviterribacter	
merged_16S_471	Bacteria	Actinobacteria	Thermoleophilia	Solirubrobacterales	Conexibacteraceae	Conexibacter	
merged_16S_948	Bacteria	Verrucomicrobia	Spartobacteria	Spartobacteria	Spartobacteria	Spartobacteria	
merged_16S_156	Bacteria	Chloroflexi	Thermomicrobia	Sphaerobacterales	Sphaerobacteraceae	Sphaerobacter	
merged_16S_455	Bacteria	Bacteroidetes	Sphingobacteriia	Sphingobacteriales	Sphingobacteriales	Sphingobacteriales	
merged_16S_223	Bacteria	Bacteroidetes	Sphingobacteriia	Sphingobacteriales	Sphingobacteriaceae	Mucilaginibacter	
merged_16S_5852	Bacteria	Proteobacteria	Alphaproteobacteria	Sphingomonadales	Sphingomonadales	Sphingomonadales	
merged_16S_75	Bacteria	Proteobacteria	Alphaproteobacteria	Sphingomonadales	Sphingomonadaceae	Sphingomonadaceae	
merged_16S_137	Bacteria	Proteobacteria	Alphaproteobacteria	Sphingomonadales	Erythrobacteraceae	Altererythrobacter	
merged_16S_4652	Bacteria	Spirochaetes	Spirochaetia	Spirochaetales	Spirochaetaceae	Sediminispirochaeta	
merged_16S_3432	Bacteria	Actinobacteria	Actinobacteria	Sporichthyales	Sporichthyaceae	Sporichthya	
merged_16S_95	Bacteria	Actinobacteria	Actinobacteria	Streptomycetales	Streptomycetaceae	Streptomyces	
merged_16S_9574	Bacteria	Actinobacteria	Actinobacteria	Streptosporangiales	Streptosporangiales	Streptosporangiales	
merged_16S_232	Bacteria	Actinobacteria	Actinobacteria	Streptosporangiales	Streptosporangiaceae	Streptosporangiaceae	
merged_16S_657	Bacteria	Actinobacteria	Actinobacteria	Streptosporangiales	Thermomonosporaceae	Actinomadura	
merged_16S_15047	Bacteria	Cyanobacteria	Cyanobacteria	Synechococcales	Trichocoleusaceae	Trichocoleus	
merged_16S_18030	Bacteria	Cyanobacteria	Cyanobacteria	Synechococcales	Synechococcales	Synechococcales	
merged_16S_19970	Bacteria	Cyanobacteria	Cyanobacteria	Synechococcales	Schizotrichaceae	Schizothrix	
merged_16S_8978	Bacteria	Cyanobacteria	Cyanobacteria	Synechococcales	Pseudanabaenaceae	Pseudanabaena	
merged_16S_7939	Bacteria	Cyanobacteria	Cyanobacteria	Synechococcales	Leptolyngbyaceae	Phormidesmis	
merged_16S_4819	Bacteria	Cyanobacteria	Cyanobacteria	Synechococcales	Oculatellaceae	Oculatella	
merged_16S_5869	Bacteria	Cyanobacteria	Cyanobacteria	Synechococcales	Prochlorotrichaceae	Nodosilinea	
merged_16S_23	Bacteria	Synergistetes	Synergistia	Synergistales	Synergistaceae	Synergistaceae	
merged_16S_20015	Bacteria	Proteobacteria	Deltaproteobacteria	Syntrophobacterales	Syntrophorhabdaceae	Syntrophorhabdus	
merged_16S_4720	Bacteria	Proteobacteria	Deltaproteobacteria	Syntrophobacterales	Syntrophobacterales	Syntrophobacterales	
merged_16S_1277	Bacteria	Proteobacteria	Deltaproteobacteria	Syntrophobacterales	Syntrophaceae	Syntrophaceae	
merged_16S_988	Bacteria	Proteobacteria	Deltaproteobacteria	Syntrophobacterales	Syntrophobacteraceae	Desulfacinum	
merged_16S_17719	Bacteria	Planctomycetes	Phycisphaerae	Tepidisphaerales	Tepidisphaeraceae	Tepidisphaera	
merged_16S_13	Archaea	Thaumarchaeota	Thaumarchaeota	Thaumarchaeota	Thaumarchaeota	Cand Nitrosotalea	
merged_16S_639	Bacteria	Deinococcus-Thermus	Deinococci	Thermales	Thermaceae	Meiothermus	
merged_16S_3950	Bacteria	Firmicutes	Clostridia	Thermoanaerobacterales	Thermoanaerobacterales_III	Thermovenabulum	
merged_16S_7383	Bacteria	Firmicutes	Clostridia	Thermoanaerobacterales	Thermoanaerobacterales	Thermoanaerobacterales	
merged_16S_14846	Bacteria	Firmicutes	Clostridia	Thermoanaerobacterales	Thermoanaerobacterales_IV	Mahella	
merged_16S_1690	Bacteria	Firmicutes	Clostridia	Thermoanaerobacterales	Thermoanaerobacteraceae	Carboxydothermus	
merged_16S_18596	Bacteria	Acidobacteria	Thermoanaerobaculia	Thermoanaerobaculales	Thermoanaerobaculaceae	Thermoanaerobaculum	
merged_16S_11247	Archaea	Euryarchaeota	Thermococci	Thermococcales	Thermococcaceae	Thermococcus	
merged_16S_7853	Bacteria	Thermodesulfobacteria	Thermodesulfobacteria	Thermodesulfobacteriales	Thermodesulfobacteriaceae	Thermosulfurimonas	
merged_16S_2362	Bacteria	Thermodesulfobacteria	Thermodesulfobacteria	Thermodesulfobacteriales	Thermodesulfobacteriales	Thermodesulfobacteriales	
merged_16S_1980	Bacteria	Chloroflexi	Thermoflexia	Thermoflexales	Thermoflexaceae	Thermoflexus	
merged_16S_242	Bacteria	Actinobacteria	Thermoleophilia	Thermoleophilales	Thermoleophilaceae	Thermoleophilum	
merged_16S_664	Bacteria	Actinobacteria	Thermoleophilia	Thermoleophilia	Thermoleophilia	Thermoleophilia	
merged_16S_391	Bacteria	Chloroflexi	Thermomicrobia	Thermomicrobia	Thermomicrobia	Thermomicrobia	
merged_16S_1372	Bacteria	Chloroflexi	Thermomicrobia	Thermomicrobiales	Thermomicrobiaceae	Thermomicrobium	
merged_16S_538	Archaea	Euryarchaeota	Thermoplasmata	Thermoplasmata	Thermoplasmata	Thermoplasmata	
merged_16S_1998	Archaea	Euryarchaeota	Thermoplasmata	Thermoplasmatales	Thermoplasmatales	Thermoplasmatales	
merged_16S_18042	Archaea	Euryarchaeota	Thermoplasmata	Thermoplasmatales	Thermoplasmataceae	Thermoplasma	
merged_16S_2739	Archaea	Euryarchaeota	Thermoplasmata	Thermoplasmatales	Picrophilaceae	Picrophilus	
merged_16S_1314	Archaea	Crenarchaeota	Thermoprotei	Thermoproteales	Thermofilaceae	Thermofilum	
merged_16S_7246	Archaea	Crenarchaeota	Thermoprotei	Thermoprotei	Thermoprotei	Thermoprotei	
merged_16S_1020	Bacteria	Thermotogae	Thermotogae	Thermotogae	Thermotogae	Thermotogae	
merged_16S_68	Bacteria	Thermotogae	Thermotogae	Thermotogales	Thermotogales	Thermotogales	
merged_16S_3134	Bacteria	Thermotogae	Thermotogae	Thermotogales	Thermotogaceae	Thermotoga	
merged_16S_15	Bacteria	Thermotogae	Thermotogae	Thermotogales	Fervidobacteriaceae	Thermosipho	
merged_16S_10626	Bacteria	Proteobacteria	Gammaproteobacteria	Thiotrichales	Thiotrichaceae	Thiotrichaceae	
merged_16S_4425	Bacteria	Proteobacteria	Gammaproteobacteria	Thiotrichales	Piscirickettsiaceae	Methylophaga	
merged_16S_2127	Bacteria	Firmicutes	Tissierellia	Tissierellales	Tissierellales	Sporanaerobacter	
merged_16S_188	Bacteria	Firmicutes	Tissierellia	Tissierellales	Peptoniphilaceae	Finegoldia	
merged_16S_1849	Bacteria	Cand_Melainabacteria	Cand_Melainabacteria	Vampirovibrionales	Vampirovibrionales	Vampirovibrio	
merged_16S_1394	Bacteria	Firmicutes	Negativicutes	Veillonellales	Veillonellaceae	Veillonella	
merged_16S_10137	Bacteria	Verrucomicrobia	Verrucomicrobia	Verrucomicrobia	Verrucomicrobia	Verrucomicrobia	
merged_16S_7136	Bacteria	Verrucomicrobia	Verrucomicrobiae	Verrucomicrobiales	Verrucomicrobiales	Verrucomicrobiales	
merged_16S_345	Bacteria	Verrucomicrobia	Verrucomicrobiae	Verrucomicrobiales	Verrucomicrobiaceae	Verrucomicrobiaceae	
merged_16S_557	Bacteria	Verrucomicrobia	Verrucomicrobiae	Verrucomicrobiales	Verrucomicrobia_SB3	Verrucomicrobia_SB3	
merged_16S_2186	Bacteria	Proteobacteria	Gammaproteobacteria	Vibrionales	Vibrionaceae	Vibrio	
merged_16S_58	Bacteria	Acidobacteria	Vicinamibacteria	Vicinamibacteria	Vicinamibacteraceae	Luteitalea	
merged_16S_2194	Bacteria	Proteobacteria	Gammaproteobacteria	Xanthomonadales	Xanthomonadales	Xanthomonadales	
merged_16S_148	Bacteria	Proteobacteria	Gammaproteobacteria	Xanthomonadales	Rhodanobacteraceae	Rhodanobacteraceae	
merged_16S_264	Bacteria	Proteobacteria	Gammaproteobacteria	Xanthomonadales	Xanthomonadaceae	Lysobacter	