X18S_seq_number	Kingdom	Phylum	Class	Order	Family	Genus	Species
forward_18S_39	Eukaryota	Streptophyta	Bryopsida	Bryales	Bryales	Bryales	
forward_18S_40	Eukaryota	Basidiomycota	Tremellomycetes	Filobasidiales	Piskurozymaceae	Solicoccozyma	
forward_18S_65	Eukaryota	Eukaryota	Eukaryota	Eukaryota	Eukaryota	Eukaryota	
forward_18S_80	Eukaryota	Streptophyta	Streptophyta	Streptophyta	Streptophyta	Streptophyta	
forward_18S_174	Eukaryota	Basidiomycota	Wallemiomycetes	Wallemiales	Wallemiaceae	Wallemia	
forward_18S_203	Eukaryota	Cercozoa	Cercozoa	Cercozoa	Cercozoa	Cercozoa	
forward_18S_297	Eukaryota	Ascomycota	Eurotiomycetes	Onygenales	Onygenales	Onygenales	
forward_18S_301	Eukaryota	Nematoda	Enoplea	Dorylaimida	Qudsianematidae	Epidorylaimus	
forward_18S_318	Eukaryota	Chordata	Actinopteri	Salmoniformes	Salmonidae	Oncorhynchus	
forward_18S_592	Eukaryota	Basidiomycota	Pucciniomycetes	Pucciniales	Pucciniaceae	Pucciniaceae	
forward_18S_615	Eukaryota	Ascomycota	Eurotiomycetes	Onygenales	Arachnomycetaceae	Onychocola	
forward_18S_665	Eukaryota	Nematoda	Enoplea	Dorylaimida	Qudsianematidae	Ecumenicus	
forward_18S_733	Eukaryota	Basidiomycota	Agaricomycetes	Sebacinales	Sebacinaceae	Craterocolla	
forward_18S_912	Eukaryota	Chlorophyta	Trebouxiophyceae	Trebouxiophyceae	Trebouxiophyceae	Trebouxiophyceae	
forward_18S_913	Eukaryota	Ascomycota	Lecanoromycetes	Lecanorales	Lecanorales	Lecanorales	
forward_18S_917	Eukaryota	Nematoda	Enoplea	Dorylaimida	Aetholaimidae	Aetholaimus	
forward_18S_1042	Eukaryota	Ascomycota	Leotiomycetes	Erysiphales	Erysiphaceae	Erysiphaceae	
forward_18S_1174	Eukaryota	Bacillariophyta	Bacillariophyceae	Cymbellales	Gomphonemataceae	Didymosphenia	
forward_18S_1181	Eukaryota	Basidiomycota	Microbotryomycetes	Sporidiobolales	Sporidiobolaceae	Rhodotorula	
forward_18S_1209	Eukaryota	Nematoda	Nematoda	Nematoda	Nematoda	Nematoda	
forward_18S_1225	Eukaryota	Ascomycota	Pezizomycetes	Pezizales	Pezizaceae	Cazia	
forward_18S_1226	Eukaryota	Bacillariophyta	Bacillariophyceae	Naviculales	Amphipleuraceae	Halamphora	
forward_18S_1709	Eukaryota	Eukaryota	Eukaryota	Eukaryota	Eukaryota	Eukaryota	
forward_18S_1730	Eukaryota	Nematoda	Enoplea	Dorylaimida	Qudsianematidae	Microdorylaimus	
forward_18S_1913	Eukaryota	Chytridiomycota	Chytridiomycetes	Spizellomycetales	Powellomycetaceae	Fimicolochytrium	
forward_18S_2486	Eukaryota	Arthropoda	Collembola	Entomobryomorpha	Entomobryomorpha	Entomobryomorpha	
forward_18S_2855	Eukaryota	Chordata	Mammalia	Primates	Hominidae	Pongo	
forward_18S_3860	Eukaryota	Arthropoda	Insecta	Insecta	Insecta	Insecta	
forward_18S_3894	Eukaryota	Arthropoda	Insecta	Thysanoptera	Thripidae	Frankliniella	
forward_18S_10491	Eukaryota	Chordata	Mammalia	Mammalia	Mammalia	Mammalia	
forward_18S_14564	Eukaryota	Arthropoda	Insecta	Diptera	Culicidae	Aedes	
forward_18S_15192	Eukaryota	Chordata	Actinopteri	Cichliformes	Cichlidae	Oreochromis	
forward_18S_20608	Eukaryota	Basidiomycota	Microbotryomycetes	Sporidiobolales	Sporidiobolaceae	Sporidiobolaceae	
forward_18S_22407	Eukaryota	Streptophyta	Streptophyta	Streptophyta	Streptophyta	Streptophyta	
merged_18S_1	Eukaryota	Chordata	Actinopteri	Actinopteri	Actinopteri	Actinopteri	
merged_18S_2	Eukaryota	Ascomycota	Eurotiomycetes	Eurotiales	Aspergillaceae	Aspergillus	
merged_18S_3	Eukaryota	Eukaryota	Eukaryota	Eukaryota	Eukaryota	Eukaryota	
merged_18S_4	Eukaryota	Basidiomycota	Malasseziomycetes	Malasseziales	Malasseziaceae	Malassezia	
merged_18S_5	Eukaryota	Chordata	Mammalia	Mammalia	Mammalia	Mammalia	
merged_18S_6	Eukaryota	Basidiomycota	Microbotryomycetes	Sporidiobolales	Sporidiobolales	Sporidiobolales	
merged_18S_7	Eukaryota	Streptophyta	Streptophyta	Streptophyta	Streptophyta	Streptophyta	
merged_18S_8	Eukaryota	Arthropoda	Insecta	Thysanoptera	Thripidae	Australothrips	
merged_18S_10	Eukaryota	Streptophyta	Liliopsida	Poales	Poaceae	Poaceae	
merged_18S_13	Eukaryota	Eukaryota	Eukaryota	Eukaryota	Eukaryota	Eukaryota	
merged_18S_14	Eukaryota	Ascomycota	Eurotiomycetes	Eurotiales	Aspergillaceae	Penicillium	
merged_18S_18	Eukaryota	Arthropoda	Malacostraca	Decapoda	Penaeidae	Penaeus	
merged_18S_19	Eukaryota	Arthropoda	Arachnida	Trombidiformes	Bdellidae	Bdella	
merged_18S_20	Eukaryota	Ascomycota	Dothideomycetes	Pleosporales	Pleosporales	Pleosporales	
merged_18S_23	Eukaryota	Ascomycota	Dothideomycetes	Capnodiales	Cladosporiaceae	Cladosporium	
merged_18S_28	Eukaryota	Chytridiomycota	Chytridiomycetes	Synchytriales	Synchytriaceae	Synchytrium	
merged_18S_30	Eukaryota	Cercozoa	Cercozoa	Cercozoa	Cercozoa	Cercozoa	
merged_18S_35	Eukaryota	Streptophyta	Bryopsida	Bryopsida	Bryopsida	Bryopsida	
merged_18S_39	Eukaryota	Basidiomycota	Tremellomycetes	Filobasidiales	Filobasidiales	Filobasidiales	
merged_18S_40	Eukaryota	Ciliophora	Spirotrichea	Spirotrichea	Spirotrichea	Spirotrichea	
merged_18S_44	Eukaryota	Ascomycota	Dothideomycetes	Pleosporales	Didymellaceae	Didymellaceae	
merged_18S_49	Eukaryota	Ascomycota	Dothideomycetes	Botryosphaeriales	Botryosphaeriaceae	Lasiodiplodia	
merged_18S_53	Eukaryota	Arthropoda	Insecta	Diptera	Culicidae	Culex	
merged_18S_55	Eukaryota	Streptophyta	Streptophyta	Streptophyta	Streptophyta	Streptophyta	
merged_18S_56	Eukaryota	Cercozoa	Thecofilosea	Cryomonadida	Rhogostomidae	Rhogostoma	
merged_18S_58	Eukaryota	Basidiomycota	Tremellomycetes	Cystofilobasidiales	Cystofilobasidiaceae	Cystofilobasidium	
merged_18S_61	Eukaryota	Eukaryota	Eukaryota	Eukaryota	Eukaryota	Eukaryota	
merged_18S_62	Eukaryota	Bacillariophyta	Bacillariophyceae	Naviculales	Stauroneidaceae	Stauroneidaceae	
merged_18S_63	Eukaryota	Ascomycota	Eurotiomycetes	Eurotiomycetes	Eurotiomycetes	Eurotiomycetes	
merged_18S_65	Eukaryota	Eukaryota	Eukaryota	Eukaryota	Eukaryota	Eukaryota	
merged_18S_66	Eukaryota	Streptophyta	Klebsormidiophyceae	Klebsormidiales	Klebsormidiaceae	Klebsormidium	
merged_18S_72	Eukaryota	Bacillariophyta	Bacillariophyta	Bacillariophyta	Bacillariophyta	Bacillariophyta	
merged_18S_73	Eukaryota	Streptophyta	Liliopsida	Asparagales	Amaryllidaceae	Allium	
merged_18S_74	Eukaryota	Streptophyta	Streptophyta	Streptophyta	Streptophyta	Streptophyta	
merged_18S_77	Eukaryota	Nematoda	Chromadorea	Rhabditida	Spirocercidae	Mastophorus	
merged_18S_78	Eukaryota	Bacillariophyta	Bacillariophyceae	Bacillariales	Bacillariaceae	Nitzschia	
merged_18S_79	Eukaryota	Chordata	Actinopteri	Clupeiformes	Clupeidae	Sardina	
merged_18S_82	Eukaryota	Basidiomycota	Tremellomycetes	Filobasidiales	Filobasidiaceae	Filobasidium	
merged_18S_85	Eukaryota	Ascomycota	Eurotiomycetes	Chaetothyriales	Herpotrichiellaceae	Herpotrichiellaceae	
merged_18S_87	Eukaryota	Mucoromycota	Mucoromycetes	Mucorales	Rhizopodaceae	Rhizopus	
merged_18S_90	Eukaryota	Streptophyta	Streptophyta	Streptophyta	Streptophyta	Streptophyta	
merged_18S_99	Eukaryota	Eukaryota	Eukaryota	Eukaryota	Eukaryota	Eukaryota	
merged_18S_102	Eukaryota	Streptophyta	Streptophyta	Streptophyta	Streptophyta	Streptophyta	
merged_18S_108	Eukaryota	Arthropoda	Insecta	Coleoptera	Latridiidae	Melanophthalma	
merged_18S_111	Eukaryota	Bacillariophyta	Bacillariophyceae	Bacillariophyceae	Bacillariophyceae	Bacillariophyceae	
merged_18S_114	Eukaryota	Chordata	Aves	Aves	Aves	Aves	
merged_18S_115	Eukaryota	Ascomycota	Dothideomycetes	Pleosporales	Phaeosphaeriaceae	Ophiosphaerella	
merged_18S_116	Eukaryota	Bacillariophyta	Bacillariophyceae	Cymbellales	Gomphonemataceae	Gomphonemataceae	
merged_18S_119	Eukaryota	Chlorophyta	Trebouxiophyceae	Chlorellales	Chlorellaceae	Apatococcus	
merged_18S_121	Eukaryota	Basidiomycota	Agaricomycetes	Agaricales	Agaricales	Agaricales	
merged_18S_122	Eukaryota	Nematoda	Chromadorea	Plectida	Plectidae	Tylocephalus	
merged_18S_123	Eukaryota	Eukaryota	Eukaryota	Eukaryota	Eukaryota	Eukaryota	
merged_18S_124	Eukaryota	Mucoromycota	Mortierellomycetes	Mortierellales	Mortierellaceae	Mortierella	
merged_18S_126	Eukaryota	Ciliophora	Spirotrichea	Sporadotrichida	Oxytrichidae	Oxytrichidae	
merged_18S_134	Eukaryota	Ascomycota	Pezizomycetes	Pezizales	Pyronemataceae	Pyronemataceae	
merged_18S_136	Eukaryota	Eukaryota	Eukaryota	Eukaryota	Eukaryota	Eukaryota	
merged_18S_140	Eukaryota	Basidiomycota	Agaricomycetes	Agaricomycetes	Agaricomycetes	Agaricomycetes	
merged_18S_148	Eukaryota	Ascomycota	Leotiomycetes	Helotiales	Rutstroemiaceae	Clarireedia	
merged_18S_150	Eukaryota	Ascomycota	Ascomycota	Ascomycota	Ascomycota	Ascomycota	
merged_18S_155	Eukaryota	Cercozoa	Cercozoa	Cercozoa	Cercozoa	Cercozoa	
merged_18S_158	Eukaryota	Ascomycota	Dothideomycetes	Pleosporales	Pleosporaceae	Alternaria	
merged_18S_170	Eukaryota	Streptophyta	Streptophyta	Streptophyta	Streptophyta	Streptophyta	
merged_18S_172	Eukaryota	Ascomycota	Dothideomycetes	Dothideales	Dothideales	Dothideales	
merged_18S_174	Eukaryota	Streptophyta	Streptophyta	Streptophyta	Streptophyta	Streptophyta	
merged_18S_175	Eukaryota	Chlorophyta	Chlorophyceae	Sphaeropleales	Scenedesmaceae	Scenedesmaceae	
merged_18S_178	Eukaryota	Eukaryota	Eukaryota	Eukaryota	Eukaryota	Eukaryota	
merged_18S_179	Eukaryota	Streptophyta	Streptophyta	Streptophyta	Streptophyta	Streptophyta	
merged_18S_184	Eukaryota	Nematoda	Enoplea	Dorylaimida	Tylencholaimidae	Tylencholaimus	
merged_18S_186	Eukaryota	Arthropoda	Arachnida	Opiliones	Opiliones	Opiliones	
merged_18S_187	Eukaryota	Cercozoa	Cercozoa	Cercozoa	Cercozoa	Cercozoa	
merged_18S_188	Eukaryota	Basidiomycota	Cystobasidiomycetes	Cystobasidiomycetes	Cystobasidiomycetes	Cystobasidiomycetes	
merged_18S_198	Eukaryota	Ascomycota	Ascomycota	Ascomycota	Ascomycota	Ascomycota	
merged_18S_202	Eukaryota	Chlorophyta	Chlorophyceae	Chlorosarcinales	Chlorosarcinales	Chlorosarcinales	
merged_18S_206	Eukaryota	Cercozoa	Cercozoa	Cercozoa	Cercozoa	Cercozoa	
merged_18S_208	Eukaryota	Eukaryota	Eukaryota	Eukaryota	Eukaryota	Eukaryota	
merged_18S_210	Eukaryota	Chlorophyta	Trebouxiophyceae	Trebouxiales	Trebouxiaceae	Myrmecia	
merged_18S_212	Eukaryota	Streptophyta	Streptophyta	Streptophyta	Streptophyta	Streptophyta	
merged_18S_213	Eukaryota	Arthropoda	Arachnida	Trombidiformes	Demodicidae	Demodex	
merged_18S_214	Eukaryota	Basidiomycota	Agaricomycetes	Thelephorales	Thelephoraceae	Tomentella	
merged_18S_233	Eukaryota	Chlorophyta	Chlorophyceae	Chlamydomonadales	Actinochloridaceae	Actinochloris	
merged_18S_235	Eukaryota	Ciliophora	Colpodea	Colpodida	Colpodidae	Exocolpoda	
merged_18S_236	Eukaryota	Basidiomycota	Basidiomycota	Basidiomycota	Basidiomycota	Basidiomycota	
merged_18S_238	Eukaryota	Ciliophora	Colpodea	Colpodida	Colpodidae	Colpoda	
merged_18S_239	Eukaryota	Eukaryota	Eukaryota	Eukaryota	Eukaryota	Eukaryota	
merged_18S_240	Eukaryota	Eukaryota	Eukaryota	Eukaryota	Eukaryota	Eukaryota	
merged_18S_244	Eukaryota	Bacillariophyta	Bacillariophyceae	Bacillariales	Bacillariaceae	Bacillariaceae	
merged_18S_246	Eukaryota	Ciliophora	Spirotrichea	Sporadotrichida	Gonostomatidae	Gonostomum	
merged_18S_249	Eukaryota	Ciliophora	Phyllopharyngea	Chlamydodontida	Chilodonellidae	Phascolodon	
merged_18S_250	Eukaryota	Mucoromycota	Mucoromycota	Mucoromycota	Mucoromycota	Mucoromycota	
merged_18S_258	Eukaryota	Basidiomycota	Agaricomycetes	Agaricales	Mycenaceae	Mycena	
merged_18S_259	Eukaryota	Ascomycota	Dothideomycetes	Pleosporales	Cucurbitariaceae	Pyrenochaeta	
merged_18S_270	Eukaryota	Cercozoa	Cercozoa	Cercozoa	Cercozoa	Cercozoa	
merged_18S_274	Eukaryota	Eukaryota	Eukaryota	Eukaryota	Eukaryota	Eukaryota	
merged_18S_284	Eukaryota	Cercozoa	Cercozoa	Cercozoa	Cercozoa	Cercozoa	
merged_18S_292	Eukaryota	Bacillariophyta	Bacillariophyceae	Naviculales	Naviculales	Naviculales	
merged_18S_295	Eukaryota	Streptophyta	Streptophyta	Streptophyta	Streptophyta	Streptophyta	
merged_18S_298	Eukaryota	Eukaryota	Eukaryota	Eukaryota	Eukaryota	Eukaryota	
merged_18S_299	Eukaryota	Ciliophora	Oligohymenophorea	Sessilida	Vorticellidae	Vorticellidae	
merged_18S_300	Eukaryota	Ciliophora	Spirotrichea	Stichotrichida	Amphisiellidae	Hemiamphisiella	
merged_18S_302	Eukaryota	Ascomycota	Eurotiomycetes	Chaetothyriales	Chaetothyriales	Chaetothyriales	
merged_18S_303	Eukaryota	Eukaryota	Eukaryota	Eukaryota	Eukaryota	Eukaryota	
merged_18S_309	Eukaryota	Ciliophora	Colpodea	Grossglockneriida	Grossglockneriidae	Pseudoplatyophrya	
merged_18S_318	Eukaryota	Ascomycota	Dothideomycetes	Pleosporales	Morosphaeriaceae	Acrocalymma	
merged_18S_324	Eukaryota	Nematoda	Enoplea	Dorylaimida	Nordiidae	Pungentus	
merged_18S_326	Eukaryota	Basidiomycota	Agaricomycetes	Polyporales	Polyporales	Polyporales	
merged_18S_328	Eukaryota	Ascomycota	Pezizomycetes	Pezizales	Ascodesmidaceae	Eleutherascus	
merged_18S_329	Eukaryota	Chordata	Mammalia	Primates	Hominidae	Homo	
merged_18S_330	Eukaryota	Streptophyta	Streptophyta	Streptophyta	Streptophyta	Streptophyta	
merged_18S_334	Eukaryota	Ascomycota	Dothideomycetes	Muyocopronales	Muyocopronales	Muyocopronales	
merged_18S_345	Eukaryota	Ciliophora	Spirotrichea	Sporadotrichida	Oxytrichidae	Pseudonotohymena	
merged_18S_347	Eukaryota	Chlorophyta	Chlorophyceae	Sphaeropleales	Bracteacoccaceae	Bracteacoccus	
merged_18S_355	Eukaryota	Ascomycota	Lecanoromycetes	Lecanoromycetes	Lecanoromycetes	Lecanoromycetes	
merged_18S_359	Eukaryota	Basidiomycota	Pucciniomycetes	Pucciniales	Pucciniaceae	Puccinia	
merged_18S_360	Eukaryota	Mucoromycota	Glomeromycetes	Glomerales	Glomeraceae	Funneliformis	
merged_18S_366	Eukaryota	Streptophyta	Streptophyta	Streptophyta	Streptophyta	Streptophyta	
merged_18S_367	Eukaryota	Blastocladiomycota	Blastocladiomycetes	Blastocladiales	Blastocladiaceae	Blastocladiaceae	
merged_18S_369	Eukaryota	Ciliophora	Colpodea	Colpodida	Colpodida	Colpodida	
merged_18S_376	Eukaryota	Cercozoa	Cercozoa	Cercozoa	Cercozoa	Cercozoa	
merged_18S_379	Eukaryota	Cercozoa	Cercozoa	Cercozoa	Cercozoa	Cercozoa	
merged_18S_380	Eukaryota	Eukaryota	Eukaryota	Eukaryota	Eukaryota	Eukaryota	
merged_18S_381	Eukaryota	Rotifera	Bdelloidea	Bdelloidea	Bdelloidea	Bdelloidea	
merged_18S_386	Eukaryota	Ciliophora	Spirotrichea	Sporadotrichida	Halteriidae	Halteria	
merged_18S_387	Eukaryota	Streptophyta	Streptophyta	Streptophyta	Streptophyta	Streptophyta	
merged_18S_391	Eukaryota	Chordata	Actinopteri	Salmoniformes	Salmonidae	Salmonidae	
merged_18S_398	Eukaryota	Eukaryota	Eukaryota	Eukaryota	Eukaryota	Eukaryota	
merged_18S_400	Eukaryota	Chlorophyta	Chlorophyceae	Chlamydomonadales	Chlamydomonadaceae	Chlamydomonas	
merged_18S_403	Eukaryota	Ciliophora	Colpodea	Colpodea	Colpodea	Colpodea	
merged_18S_408	Eukaryota	Basidiomycota	Agaricomycetes	Polyporales	Polyporaceae	Polyporus	
merged_18S_409	Eukaryota	Chlorophyta	Chlorophyceae	Chlorosarcinales	Chlorosarcinales	Chlorosarcinales	
merged_18S_430	Eukaryota	Chlorophyta	Chlorophyceae	Chlamydomonadales	Chlamydomonadales	Chlamydomonadales	
merged_18S_432	Eukaryota	Ciliophora	Litostomatea	Haptorida	Haptorida	Haptorida	
merged_18S_435	Eukaryota	Chlorophyta	Chlorophyceae	Chlamydomonadales	Chlamydomonadales	Chlamydomonadales	
merged_18S_440	Eukaryota	Eukaryota	Eukaryota	Eukaryota	Eukaryota	Eukaryota	
merged_18S_441	Eukaryota	Ascomycota	Dothideomycetes	Venturiales	Sympoventuriaceae	Ochroconis	
merged_18S_442	Eukaryota	Ascomycota	Dothideomycetes	Capnodiales	Capnodiales	Capnodiales	
merged_18S_446	Eukaryota	Eukaryota	Eukaryota	Eukaryota	Eukaryota	Eukaryota	
merged_18S_452	Eukaryota	Annelida	Clitellata	Enchytraeida	Enchytraeidae	Enchytraeus	
merged_18S_453	Eukaryota	Eukaryota	Eukaryota	Eukaryota	Eukaryota	Eukaryota	
merged_18S_454	Eukaryota	Ciliophora	Phyllopharyngea	Chlamydodontida	Chilodonellidae	Chilodonella	
merged_18S_458	Eukaryota	Olpidiomycota	Olpidiomycetes	Olpidiales	Olpidiaceae	Olpidium	
merged_18S_460	Eukaryota	Bacillariophyta	Bacillariophyceae	Thalassiophysales	Catenulaceae	Amphora	
merged_18S_461	Eukaryota	Ascomycota	Leotiomycetes	Thelebolales	Thelebolaceae	Thelebolus	
merged_18S_470	Eukaryota	Arthropoda	Collembola	Entomobryomorpha	Entomobryidae	Entomobryidae	
merged_18S_484	Eukaryota	Ciliophora	Spirotrichea	Urostylida	Urostylidae	Urostylidae	
merged_18S_486	Eukaryota	Ciliophora	Spirotrichea	Spirotrichea	Spirotrichea	Spirotrichea	
merged_18S_488	Eukaryota	Streptophyta	Streptophyta	Streptophyta	Streptophyta	Streptophyta	
merged_18S_490	Eukaryota	Chlorophyta	Trebouxiophyceae	Chlorellales	Chlorellaceae	Auxenochlorella	
merged_18S_503	Eukaryota	Nematoda	Enoplea	Dorylaimida	Dorylaimida	Dorylaimida	
merged_18S_508	Eukaryota	Cryptophyta	Cryptophyta	Cryptophyta	Cryptophyta	Cryptophyta	
merged_18S_522	Eukaryota	Chlorophyta	Chlorophyta	Chlorophyta	Chlorophyta	Chlorophyta	
merged_18S_532	Eukaryota	Mollusca	Polyplacophora	Chitonida	Cryptoplacidae	Cryptoplax	
merged_18S_541	Eukaryota	Chlorophyta	Chlorophyceae	Chlamydomonadales	Chlorococcaceae	Chlorococcum	
merged_18S_544	Eukaryota	Ascomycota	Dothideomycetes	Venturiales	Sympoventuriaceae	Verruconis	
merged_18S_547	Eukaryota	Bacillariophyta	Fragilariophyceae	Fragilariophyceae	Fragilariophyceae	Fragilariophyceae	
merged_18S_548	Eukaryota	Eukaryota	Eukaryota	Eukaryota	Eukaryota	Eukaryota	
merged_18S_559	Eukaryota	Apicomplexa	Conoidasida	Eugregarinorida	Eugregarinorida	Eugregarinorida	
merged_18S_571	Eukaryota	Mucoromycota	Glomeromycetes	Glomerales	Glomeraceae	Glomeraceae	
merged_18S_579	Eukaryota	Chlorophyta	Ulvophyceae	Ulvales	Ulvales	Ulvales	
merged_18S_591	Eukaryota	Chlorophyta	Chlorophyceae	Sphaeropleales	Pseudomuriellaceae	Pseudomuriella	
merged_18S_608	Eukaryota	Chytridiomycota	Chytridiomycetes	Rhizophlyctidales	Rhizophlyctidaceae	Rhizophlyctis	
merged_18S_615	Eukaryota	Ascomycota	Dothideomycetes	Pleosporales	Didymellaceae	Epicoccum	
merged_18S_620	Eukaryota	Arthropoda	Insecta	Coleoptera	Carabidae	Carabidae	
merged_18S_624	Eukaryota	Basidiomycota	Agaricomycetes	Agaricales	Agaricaceae	Agaricaceae	
merged_18S_625	Eukaryota	Chytridiomycota	Chytridiomycetes	Spizellomycetales	Spizellomycetaceae	Spizellomyces	
merged_18S_633	Eukaryota	Chlorophyta	Chlorophyceae	Chlorophyceae	Chlorophyceae	Chlorophyceae	
merged_18S_651	Eukaryota	Nematoda	Chromadorea	Monhysterida	Monhysteridae	Tridentulus	
merged_18S_655	Eukaryota	Eukaryota	Eukaryota	Eukaryota	Eukaryota	Eukaryota	
merged_18S_659	Eukaryota	Eukaryota	Eukaryota	Eukaryota	Eukaryota	Eukaryota	
merged_18S_661	Eukaryota	Ascomycota	Pezizomycetes	Pezizales	Pezizaceae	Mycoclelandia	
merged_18S_663	Eukaryota	Ciliophora	Spirotrichea	Urostylida	Pseudourostylidae	Pseudourostyla	
merged_18S_664	Eukaryota	Ascomycota	Eurotiomycetes	Eurotiales	Eurotiales	Eurotiales	
merged_18S_665	Eukaryota	Cercozoa	Cercozoa	Cercozoa	Cercozoa	Cercozoa	
merged_18S_670	Eukaryota	Streptophyta	Streptophyta	Streptophyta	Streptophyta	Streptophyta	
merged_18S_678	Eukaryota	Ascomycota	Leotiomycetes	Helotiales	Helotiales	Helotiales	
merged_18S_697	Eukaryota	Eukaryota	Eukaryota	Eukaryota	Eukaryota	Eukaryota	
merged_18S_717	Eukaryota	Ciliophora	Nassophorea	Nassulida	Nassulidae	Nassulidae	
merged_18S_719	Eukaryota	Cercozoa	Cercozoa	Cercozoa	Cercozoa	Cercozoa	
merged_18S_721	Eukaryota	Ascomycota	Lecanoromycetes	Lecanorales	Lecanoraceae	Lecanora	
merged_18S_726	Eukaryota	Chlorophyta	Trebouxiophyceae	Trebouxiales	Trebouxiaceae	Parietochloris	
merged_18S_732	Eukaryota	Ascomycota	Eurotiomycetes	Onygenales	Ascosphaeraceae	Ascosphaera	
merged_18S_734	Eukaryota	Ciliophora	Spirotrichea	Sporadotrichida	Sporadotrichida	Sporadotrichida	
merged_18S_735	Eukaryota	Zoopagomycota	Zoopagomycetes	Zoopagales	Zoopagaceae	Acaulopage	
merged_18S_746	Eukaryota	Eukaryota	Eukaryota	Eukaryota	Eukaryota	Eukaryota	
merged_18S_748	Eukaryota	Nematoda	Chromadorea	Rhabditida	Cephalobidae	Cephalobidae	
merged_18S_761	Eukaryota	Chlorophyta	Chlorophyceae	Chlamydomonadales	Chlorococcaceae	Fasciculochloris	
merged_18S_763	Eukaryota	Ascomycota	Eurotiomycetes	Chaetothyriales	Herpotrichiellaceae	Exophiala	
merged_18S_764	Eukaryota	Ascomycota	Orbiliomycetes	Orbiliales	Orbiliaceae	Orbilia	
merged_18S_767	Eukaryota	Eukaryota	Eukaryota	Eukaryota	Eukaryota	Eukaryota	
merged_18S_771	Eukaryota	Arthropoda	Insecta	Coleoptera	Coleoptera	Coleoptera	
merged_18S_780	Eukaryota	Chytridiomycota	Chytridiomycetes	Chytridiomycetes	Chytridiomycetes	Chytridiomycetes	
merged_18S_782	Eukaryota	Cercozoa	Cercozoa	Cercozoa	Cercozoa	Cercozoa	
merged_18S_788	Eukaryota	Eukaryota	Eukaryota	Eukaryota	Eukaryota	Eukaryota	
merged_18S_792	Eukaryota	Nematoda	Chromadorea	Rhabditida	Aphelenchidae	Aphelenchus	
merged_18S_796	Eukaryota	Streptophyta	Streptophyta	Streptophyta	Streptophyta	Streptophyta	
merged_18S_824	Eukaryota	Chlorophyta	Chlorophyceae	Chlamydomonadales	Chlamydomonadaceae	Chlamydomonadaceae	
merged_18S_832	Eukaryota	Mucoromycota	Glomeromycetes	Glomerales	Glomeraceae	Kamienskia	
merged_18S_834	Eukaryota	Eukaryota	Eukaryota	Eukaryota	Eukaryota	Eukaryota	
merged_18S_850	Eukaryota	Nematoda	Chromadorea	Chromadorea	Chromadorea	Chromadorea	
merged_18S_853	Eukaryota	Basidiomycota	Tremellomycetes	Tremellales	Tremellales	Tremellales	
merged_18S_859	Eukaryota	Cercozoa	Cercozoa	Cercozoa	Cercozoa	Cercozoa	
merged_18S_867	Eukaryota	Ascomycota	Pezizomycetes	Pezizales	Pyronemataceae	Marcelleina	
merged_18S_874	Eukaryota	Mucoromycota	Mucoromycetes	Mucorales	Mucoraceae	Mucor	
merged_18S_877	Eukaryota	Eukaryota	Eukaryota	Eukaryota	Eukaryota	Eukaryota	
merged_18S_879	Eukaryota	Basidiomycota	Tremellomycetes	Filobasidiales	Filobasidiaceae	Filobasidiaceae	
merged_18S_893	Eukaryota	Nematoda	Enoplea	Dorylaimida	Dorylaimidae	Mesodorylaimus	
merged_18S_901	Eukaryota	Zoopagomycota	Basidiobolomycetes	Basidiobolales	Basidiobolaceae	Basidiobolus	
merged_18S_907	Eukaryota	Cercozoa	Cercozoa	Cercozoa	Cercozoa	Cercozoa	
merged_18S_911	Eukaryota	Chlorophyta	Trebouxiophyceae	Chlorellales	Chlorellaceae	Chlorella	
merged_18S_915	Eukaryota	Eukaryota	Eukaryota	Eukaryota	Eukaryota	Eukaryota	
merged_18S_918	Eukaryota	Cercozoa	Cercozoa	Cercozoa	Cercozoa	Cercozoa	
merged_18S_921	Eukaryota	Ciliophora	Phyllopharyngea	Chlamydodontida	Chilodonellidae	Pseudochilodonopsis	
merged_18S_928	Eukaryota	Ascomycota	Dothideomycetes	Capnodiales	Teratosphaeriaceae	Teratosphaeriaceae	
merged_18S_934	Eukaryota	Cercozoa	Cercozoa	Cercozoa	Cercozoa	Cercozoa	
merged_18S_946	Eukaryota	Ascomycota	Dothideomycetes	Botryosphaeriales	Botryosphaeriaceae	Botryosphaeriaceae	
merged_18S_953	Eukaryota	Ciliophora	Colpodea	Colpodida	Colpodidae	Bresslaua	
merged_18S_954	Eukaryota	Ciliophora	Litostomatea	Haptorida	Acropisthiidae	Fuscheria	
merged_18S_955	Eukaryota	Ciliophora	Colpodea	Cyrtolophosidida	Platyophryidae	Platyophrya	
merged_18S_956	Eukaryota	Arthropoda	Arachnida	Sarcoptiformes	Tectocepheidae	Tectocepheus	
merged_18S_960	Eukaryota	Ciliophora	Colpodea	Bryophryida	Bryophryidae	Bryophryidae	
merged_18S_968	Eukaryota	Ascomycota	Leotiomycetes	Leotiomycetes	Leotiomycetes	Leotiomycetes	
merged_18S_970	Eukaryota	Chlorophyta	Trebouxiophyceae	Trebouxiophyceae	Trebouxiophyceae	Trebouxiophyceae	
merged_18S_992	Eukaryota	Chlorophyta	Chlorophyceae	Tetrasporales	Tetrasporales	Tetrasporales	
merged_18S_998	Eukaryota	Eukaryota	Eukaryota	Eukaryota	Eukaryota	Eukaryota	
merged_18S_1007	Eukaryota	Ascomycota	Leotiomycetes	Leotiomycetes	Leotiomycetes	Leotiomycetes	
merged_18S_1008	Eukaryota	Rotifera	Monogononta	Ploima	Ploima	Ploima	
merged_18S_1010	Eukaryota	Ascomycota	Pezizomycetes	Pezizales	Ascobolaceae	Ascobolus	
merged_18S_1011	Eukaryota	Basidiomycota	Agaricomycetes	Boletales	Boletales	Boletales	
merged_18S_1019	Eukaryota	Ciliophora	Ciliophora	Ciliophora	Ciliophora	Ciliophora	
merged_18S_1029	Eukaryota	Bacillariophyta	Bacillariophyceae	Cymbellales	Cymbellales	Cymbellales	
merged_18S_1054	Eukaryota	Streptophyta	Bryopsida	Pottiales	Pottiaceae	Pottiaceae	
merged_18S_1055	Eukaryota	Eukaryota	Eukaryota	Eukaryota	Eukaryota	Eukaryota	
merged_18S_1064	Eukaryota	Eukaryota	Eukaryota	Eukaryota	Eukaryota	Eukaryota	
merged_18S_1082	Eukaryota	Basidiomycota	Tremellomycetes	Tremellales	Tremellaceae	Tremella	
merged_18S_1083	Eukaryota	Eukaryota	Eukaryota	Eukaryota	Eukaryota	Eukaryota	
merged_18S_1091	Eukaryota	Nematoda	Chromadorea	Rhabditida	Aphelenchoididae	Aphelenchoides	
merged_18S_1101	Eukaryota	Eukaryota	Eukaryota	Eukaryota	Eukaryota	Eukaryota	
merged_18S_1107	Eukaryota	Chlorophyta	Chlorophyceae	Chlorophyceae	Chlorophyceae	Chlorophyceae	
merged_18S_1109	Eukaryota	Eukaryota	Eukaryota	Eukaryota	Eukaryota	Eukaryota	
merged_18S_1117	Eukaryota	Mucoromycota	Glomeromycetes	Glomerales	Glomeraceae	Rhizophagus	
merged_18S_1129	Eukaryota	Eukaryota	Eukaryota	Eukaryota	Eukaryota	Eukaryota	
merged_18S_1130	Eukaryota	Eukaryota	Eukaryota	Eukaryota	Eukaryota	Eukaryota	
merged_18S_1132	Eukaryota	Ciliophora	Colpodea	Colpodida	Colpodidae	Colpodidae	
merged_18S_1139	Eukaryota	Ciliophora	Spirotrichea	Urostylida	Urostylida	Urostylida	
merged_18S_1164	Eukaryota	Cercozoa	Cercozoa	Cercozoa	Cercozoa	Cercozoa	
merged_18S_1166	Eukaryota	Ciliophora	Nassophorea	Nassulida	Nassulidae	Obertrumia	
merged_18S_1167	Eukaryota	Ciliophora	Litostomatea	Haptorida	Spathidiidae	Spathidium	
merged_18S_1170	Eukaryota	Chlorophyta	Chlorophyceae	Chaetophorales	Chaetophoraceae	Coccobotrys	
merged_18S_1174	Eukaryota	Cercozoa	Cercozoa	Cercozoa	Cercozoa	Cercozoa	
merged_18S_1178	Eukaryota	Chytridiomycota	Chytridiomycetes	Rhizophydiales	Rhizophydiales	Rhizophydiales	
merged_18S_1185	Eukaryota	Ascomycota	Dothideomycetes	Dothideales	Dothioraceae	Hormonema	
merged_18S_1205	Eukaryota	Ciliophora	Oligohymenophorea	Philasterida	Loxocephalidae	Loxocephalidae	
merged_18S_1206	Eukaryota	Chlorophyta	Chlorophyta	Chlorophyta	Chlorophyta	Chlorophyta	
merged_18S_1210	Eukaryota	Basidiomycota	Tremellomycetes	Trichosporonales	Trichosporonaceae	Vanrija	
merged_18S_1214	Eukaryota	Chlorophyta	Chlorophyceae	Chlamydomonadales	Chlorococcaceae	Hemiflagellochloris	
merged_18S_1227	Eukaryota	Ascomycota	Eurotiomycetes	Chaetothyriales	Trichomeriaceae	Bacillicladium	
merged_18S_1228	Eukaryota	Nematoda	Chromadorea	Rhabditida	Cephalobidae	Acrobeloides	
merged_18S_1232	Eukaryota	Cryptophyta	Cryptophyta	Cryptophyta	Cryptophyta	Cryptophyta	
merged_18S_1241	Eukaryota	Chlorophyta	Trebouxiophyceae	Trebouxiophyceae	Trebouxiophyceae	Trebouxiophyceae	
merged_18S_1248	Eukaryota	Ciliophora	Oligohymenophorea	Philasterida	Loxocephalidae	Paratetrahymena	
merged_18S_1249	Eukaryota	Eukaryota	Eukaryota	Eukaryota	Eukaryota	Eukaryota	
merged_18S_1260	Eukaryota	Eukaryota	Eukaryota	Eukaryota	Eukaryota	Eukaryota	
merged_18S_1261	Eukaryota	Mucoromycota	Glomeromycetes	Glomerales	Glomeraceae	Glomus	
merged_18S_1269	Eukaryota	Mucoromycota	Glomeromycetes	Paraglomerales	Pervetustaceae	Pervetustus	
merged_18S_1290	Eukaryota	Eukaryota	Eukaryota	Eukaryota	Eukaryota	Eukaryota	
merged_18S_1307	Eukaryota	Ascomycota	Saccharomycetes	Saccharomycetales	Saccharomycetaceae	Saccharomycetaceae	
merged_18S_1308	Eukaryota	Eukaryota	Eukaryota	Eukaryota	Eukaryota	Eukaryota	
merged_18S_1331	Eukaryota	Chlorophyta	Chlorophyceae	Chlorophyceae	Chlorophyceae	Chlorophyceae	
merged_18S_1335	Eukaryota	Chlorophyta	Trebouxiophyceae	Chlorellales	Chlorellaceae	Nannochloris	
merged_18S_1355	Eukaryota	Eukaryota	Eukaryota	Eukaryota	Eukaryota	Eukaryota	
merged_18S_1357	Eukaryota	Arthropoda	Arachnida	Trombidiformes	Trombidiformes	Trombidiformes	
merged_18S_1362	Eukaryota	Ciliophora	Oligohymenophorea	Thigmotrichida	Ancistridae	Ancistrum	
merged_18S_1369	Eukaryota	Eukaryota	Eukaryota	Eukaryota	Eukaryota	Eukaryota	
merged_18S_1376	Eukaryota	Mucoromycota	Mucoromycetes	Mucorales	Choanephoraceae	Choanephoraceae	
merged_18S_1377	Eukaryota	Eukaryota	Eukaryota	Eukaryota	Eukaryota	Eukaryota	
merged_18S_1386	Eukaryota	Cercozoa	Cercozoa	Cercozoa	Cercozoa	Cercozoa	
merged_18S_1390	Eukaryota	Chlorophyta	Trebouxiophyceae	Trebouxiophyceae	Trebouxiophyceae	Trebouxiophyceae	
merged_18S_1400	Eukaryota	Ascomycota	Eurotiomycetes	Chaetothyriales	Trichomeriaceae	Knufia	
merged_18S_1402	Eukaryota	Cercozoa	Cercozoa	Cercozoa	Cercozoa	Cercozoa	
merged_18S_1403	Eukaryota	Arthropoda	Arachnida	Scorpiones	Bothriuridae	Brachistosternus	
merged_18S_1407	Eukaryota	Ascomycota	Ascomycota	Ascomycota	Ascomycota	Ascomycota	
merged_18S_1421	Eukaryota	Eukaryota	Eukaryota	Eukaryota	Eukaryota	Eukaryota	
merged_18S_1425	Eukaryota	Chytridiomycota	Chytridiomycetes	Rhizophydiales	Kappamycetaceae	Kappamyces	
merged_18S_1438	Eukaryota	Ciliophora	Litostomatea	Haptorida	Trachelophyllidae	Trachelophyllidae	
merged_18S_1443	Eukaryota	Chlorophyta	Trebouxiophyceae	Trebouxiophyceae	Trebouxiophyceae	Trebouxiophyceae	
merged_18S_1449	Eukaryota	Basidiomycota	Agaricostilbomycetes	Agaricostilbales	Kondoaceae	Kondoa	
merged_18S_1473	Eukaryota	Eukaryota	Eukaryota	Eukaryota	Eukaryota	Eukaryota	
merged_18S_1478	Eukaryota	Ascomycota	Eurotiomycetes	Eurotiales	Trichocomaceae	Talaromyces	
merged_18S_1488	Eukaryota	Cnidaria	Anthozoa	Corallimorpharia	Corallimorpharia	Corallimorpharia	
merged_18S_1493	Eukaryota	Eukaryota	Eukaryota	Eukaryota	Eukaryota	Eukaryota	
merged_18S_1507	Eukaryota	Ascomycota	Dothideomycetes	Capnodiales	Mycosphaerellaceae	Ramularia	
merged_18S_1526	Eukaryota	Chytridiomycota	Chytridiomycetes	Rhizophydiales	Rhizophydiaceae	Rhizophydium	
merged_18S_1541	Eukaryota	Basidiomycota	Ustilaginomycetes	Ustilaginales	Ustilaginaceae	Ustilaginaceae	
merged_18S_1543	Eukaryota	Ascomycota	Dothideomycetes	Pleosporales	Sporormiaceae	Westerdykella	
merged_18S_1544	Eukaryota	Ciliophora	Spirotrichea	Sporadotrichida	Oxytrichidae	Rigidohymena	
merged_18S_1546	Eukaryota	Ascomycota	Leotiomycetes	Helotiales	Helotiaceae	Helotiaceae	
merged_18S_1547	Eukaryota	Eukaryota	Eukaryota	Eukaryota	Eukaryota	Eukaryota	
merged_18S_1550	Eukaryota	Mucoromycota	Glomeromycetes	Glomerales	Claroideoglomeraceae	Claroideoglomus	
merged_18S_1555	Eukaryota	Cryptomycota	Cryptomycota	Cryptomycota	Cryptomycota	Cryptomycota	
merged_18S_1558	Eukaryota	Eukaryota	Eukaryota	Eukaryota	Eukaryota	Eukaryota	
merged_18S_1569	Eukaryota	Streptophyta	Streptophyta	Streptophyta	Streptophyta	Streptophyta	
merged_18S_1575	Eukaryota	Eukaryota	Eukaryota	Eukaryota	Eukaryota	Eukaryota	
merged_18S_1595	Eukaryota	Chlorophyta	Trebouxiophyceae	Trebouxiophyceae	Trebouxiophyceae	Trebouxiophyceae	
merged_18S_1596	Eukaryota	Hemimastigophora	Hemimastigophora	Hemimastigophora	Hemimastigophora	Hemimastigophora	
merged_18S_1605	Eukaryota	Ascomycota	Arthoniomycetes	Lichenostigmatales	Phaeococcomycetaceae	Phaeococcomyces	
merged_18S_1606	Eukaryota	Ciliophora	Oligohymenophorea	Sessilida	Vorticellidae	Vorticella	
merged_18S_1608	Eukaryota	Ascomycota	Lecanoromycetes	Lecanorales	Lecanoraceae	Rhizoplaca	
merged_18S_1611	Eukaryota	Basidiomycota	Agaricomycetes	Agaricales	Lycoperdaceae	Lycoperdaceae	
merged_18S_1635	Eukaryota	Basidiomycota	Agaricomycetes	Trechisporales	Hydnodontaceae	Trechispora	
merged_18S_1638	Eukaryota	Chlorophyta	Trebouxiophyceae	Trebouxiophyceae	Trebouxiophyceae	Trebouxiophyceae	
merged_18S_1677	Eukaryota	Chlorophyta	Chlorophyceae	Protosiphonales	Protosiphonaceae	Spongiochloris	
merged_18S_1685	Eukaryota	Nematoda	Enoplea	Dorylaimida	Qudsianematidae	Allodorylaimus	
merged_18S_1697	Eukaryota	Ascomycota	Sordariomycetes	Xylariales	Xylariales	Xylariales	
merged_18S_1698	Eukaryota	Nematoda	Enoplea	Dorylaimida	Qudsianematidae	Eudorylaimus	
merged_18S_1732	Eukaryota	Cercozoa	Cercozoa	Cercozoa	Cercozoa	Cercozoa	
merged_18S_1739	Eukaryota	Ciliophora	Heterotrichea	Heterotrichida	Blepharismidae	Blepharisma	
merged_18S_1740	Eukaryota	Basidiomycota	Agaricomycetes	Agaricales	Omphalotaceae	Gymnopus	
merged_18S_1742	Eukaryota	Ciliophora	Colpodea	Sorogenida	Sorogenidae	Sorogena	
merged_18S_1763	Eukaryota	Eukaryota	Eukaryota	Eukaryota	Eukaryota	Eukaryota	
merged_18S_1764	Eukaryota	Eukaryota	Eukaryota	Eukaryota	Eukaryota	Eukaryota	
merged_18S_1783	Eukaryota	Cercozoa	Cercozoa	Cercozoa	Cercozoa	Cercozoa	
merged_18S_1791	Eukaryota	Mucoromycota	Glomeromycetes	Diversisporales	Diversisporaceae	Diversispora	
merged_18S_1799	Eukaryota	Ciliophora	Spirotrichea	Spirotrichea	Spirotrichea	Spirotrichea	
merged_18S_1804	Eukaryota	Eukaryota	Eukaryota	Eukaryota	Eukaryota	Eukaryota	
merged_18S_1811	Eukaryota	Ascomycota	Dothideomycetes	Pleosporales	Pleosporaceae	Pleosporaceae	
merged_18S_1813	Eukaryota	Eukaryota	Eukaryota	Eukaryota	Eukaryota	Eukaryota	
merged_18S_1820	Eukaryota	Cercozoa	Cercozoa	Cercozoa	Cercozoa	Cercozoa	
merged_18S_1838	Eukaryota	Gastrotricha	Gastrotricha	Gastrotricha	Gastrotricha	Gastrotricha	
merged_18S_1839	Eukaryota	Eukaryota	Eukaryota	Eukaryota	Eukaryota	Eukaryota	
merged_18S_1846	Eukaryota	Basidiomycota	Cystobasidiomycetes	Cystobasidiomycetes	Cystobasidiomycetes	Cystobasidiomycetes	
merged_18S_1863	Eukaryota	Cercozoa	Cercozoa	Cercozoa	Cercozoa	Cercozoa	
merged_18S_1864	Eukaryota	Basidiomycota	Agaricomycetes	Auriculariales	Exidiaceae	Guepinia	
merged_18S_1865	Eukaryota	Nematoda	Chromadorea	Monhysterida	Monhysterida	Monhysterida	
merged_18S_1900	Eukaryota	Basidiomycota	Agaricomycetes	Cantharellales	Cantharellales	Cantharellales	
merged_18S_1901	Eukaryota	Eukaryota	Eukaryota	Eukaryota	Eukaryota	Eukaryota	
merged_18S_1909	Eukaryota	Eukaryota	Eukaryota	Eukaryota	Eukaryota	Eukaryota	
merged_18S_1916	Eukaryota	Chlorophyta	Chlorophyceae	Chlamydomonadales	Haematococcaceae	Haematococcus	
merged_18S_1917	Eukaryota	Cercozoa	Thecofilosea	Cryomonadida	Rhogostomidae	Rhogostomidae	
merged_18S_1919	Eukaryota	Chlorophyta	Chlorophyceae	Chlamydomonadales	Chlamydomonadales	Chlamydomonadales	
merged_18S_1922	Eukaryota	Ciliophora	Colpodea	Colpodida	Marynidae	Maryna	
merged_18S_1942	Eukaryota	Arthropoda	Collembola	Poduromorpha	Poduromorpha	Poduromorpha	
merged_18S_1946	Eukaryota	Basidiomycota	Agaricomycetes	Corticiales	Corticiaceae	Corticiaceae	
merged_18S_1959	Eukaryota	Eukaryota	Eukaryota	Eukaryota	Eukaryota	Eukaryota	
merged_18S_1964	Eukaryota	Basidiomycota	Microbotryomycetes	Microbotryomycetes	Microbotryomycetes	Microbotryomycetes	
merged_18S_1975	Eukaryota	Ciliophora	Phyllopharyngea	Endogenida	Acinetidae	Acineta	
merged_18S_1978	Eukaryota	Zoopagomycota	Kickxellomycetes	Kickxellales	Kickxellaceae	Mycoemilia	
merged_18S_2005	Eukaryota	Eukaryota	Eukaryota	Eukaryota	Eukaryota	Eukaryota	
merged_18S_2035	Eukaryota	Ciliophora	Litostomatea	Haptorida	Trachelophyllidae	Enchelyodon	
merged_18S_2047	Eukaryota	Arthropoda	Arachnida	Araneae	Zodariidae	Zodariidae	
merged_18S_2081	Eukaryota	Apicomplexa	Conoidasida	Eugregarinorida	Monocystidae	Monocystis	
merged_18S_2090	Eukaryota	Mucoromycota	Glomeromycetes	Glomerales	Glomeraceae	Septoglomus	
merged_18S_2092	Eukaryota	Chlorophyta	Trebouxiophyceae	Trebouxiophyceae	Trebouxiophyceae	Trebouxiophyceae	
merged_18S_2093	Eukaryota	Arthropoda	Collembola	Poduromorpha	Tullbergiidae	Mesaphorura	
merged_18S_2121	Eukaryota	Arthropoda	Insecta	Hymenoptera	Formicidae	Formicidae	
merged_18S_2132	Eukaryota	Ciliophora	Colpodea	Cyrtolophosidida	Cyrtolophosididae	Pseudocyrtolophosis	
merged_18S_2150	Eukaryota	Ascomycota	Leotiomycetes	Leotiomycetes	Leotiomycetes	Leotiomycetes	
merged_18S_2157	Eukaryota	Cercozoa	Cercozoa	Cercozoa	Cercozoa	Cercozoa	
merged_18S_2159	Eukaryota	Ascomycota	Saccharomycetes	Saccharomycetales	Saccharomycodaceae	Hanseniaspora	
merged_18S_2163	Eukaryota	Eukaryota	Eukaryota	Eukaryota	Eukaryota	Eukaryota	
merged_18S_2165	Eukaryota	Ascomycota	Dothideomycetes	Pleosporales	Dictyosporiaceae	Pseudodictyosporium	
merged_18S_2191	Eukaryota	Eukaryota	Eukaryota	Eukaryota	Eukaryota	Eukaryota	
merged_18S_2198	Eukaryota	Eukaryota	Eukaryota	Eukaryota	Eukaryota	Eukaryota	
merged_18S_2199	Eukaryota	Eukaryota	Eukaryota	Eukaryota	Eukaryota	Eukaryota	
merged_18S_2208	Eukaryota	Arthropoda	Arachnida	Sarcoptiformes	Lohmanniidae	Lohmanniidae	
merged_18S_2210	Eukaryota	Arthropoda	Arachnida	Araneae	Araneae	Araneae	
merged_18S_2218	Eukaryota	Eukaryota	Eukaryota	Eukaryota	Eukaryota	Eukaryota	
merged_18S_2223	Eukaryota	Ascomycota	Saccharomycetes	Saccharomycetales	Dipodascaceae	Yarrowia	
merged_18S_2234	Eukaryota	Cnidaria	Anthozoa	Corallimorpharia	Discosomidae	Rhodactis	
merged_18S_2254	Eukaryota	Cercozoa	Cercozoa	Cercozoa	Cercozoa	Cercozoa	
merged_18S_2256	Eukaryota	Ascomycota	Orbiliomycetes	Orbiliales	Orbiliaceae	Orbiliaceae	
merged_18S_2262	Eukaryota	Ascomycota	Eurotiomycetes	Chaetothyriales	Trichomeriaceae	Bradymyces	
merged_18S_2272	Eukaryota	Bacillariophyta	Fragilariophyceae	Rhabdonematales	Rhabdonemataceae	Rhabdonema	
merged_18S_2274	Eukaryota	Chytridiomycota	Chytridiomycetes	Chytridiomycetes	Chytridiomycetes	Chytridiomycetes	
merged_18S_2275	Eukaryota	Ascomycota	Lecanoromycetes	Umbilicariales	Umbilicariaceae	Umbilicaria	
merged_18S_2278	Eukaryota	Ascomycota	Dothideomycetes	Dothideomycetes	Dothideomycetes	Dothideomycetes	
merged_18S_2282	Eukaryota	Nematoda	Chromadorea	Rhabditida	Anguinidae	Anguinidae	
merged_18S_2283	Eukaryota	Eukaryota	Eukaryota	Eukaryota	Eukaryota	Eukaryota	
merged_18S_2298	Eukaryota	Blastocladiomycota	Blastocladiomycetes	Blastocladiales	Blastocladiaceae	Allomyces	
merged_18S_2304	Eukaryota	Eukaryota	Eukaryota	Eukaryota	Eukaryota	Eukaryota	
merged_18S_2332	Eukaryota	Nematoda	Chromadorea	Rhabditida	Telotylenchidae	Tylenchorhynchus	
merged_18S_2348	Eukaryota	Basidiomycota	Exobasidiomycetes	Georgefischeriales	Gjaerumiaceae	Gjaerumia	
merged_18S_2351	Eukaryota	Chlorophyta	Trebouxiophyceae	Chlorellales	Chlorellaceae	Chlorellaceae	
merged_18S_2367	Eukaryota	Eukaryota	Eukaryota	Eukaryota	Eukaryota	Eukaryota	
merged_18S_2369	Eukaryota	Chlorophyta	Chlorophyceae	Chaetophorales	Barrancaceae	Barranca	
merged_18S_2379	Eukaryota	Cercozoa	Thecofilosea	Thecofilosea	Thecofilosea	Thecofilosea	
merged_18S_2392	Eukaryota	Arthropoda	Arachnida	Arachnida	Arachnida	Arachnida	
merged_18S_2416	Eukaryota	Ciliophora	Oligohymenophorea	Philasterida	Uronematidae	Homalogastra	
merged_18S_2423	Eukaryota	Ascomycota	Sordariomycetes	Coniochaetales	Coniochaetales	Coniochaetales	
merged_18S_2446	Eukaryota	Ciliophora	Spirotrichea	Euplotida	Euplotidae	Euplotes	
merged_18S_2451	Eukaryota	Streptophyta	Streptophyta	Streptophyta	Streptophyta	Streptophyta	
merged_18S_2459	Eukaryota	Cercozoa	Thecofilosea	Thecofilosea	Thecofilosea	Thecofilosea	
merged_18S_2472	Eukaryota	Basidiomycota	Tremellomycetes	Tremellales	Tremellaceae	Biatoropsis	
merged_18S_2474	Eukaryota	Nematoda	Enoplea	Triplonchida	Prismatolaimidae	Prismatolaimus	
merged_18S_2477	Eukaryota	Eukaryota	Eukaryota	Eukaryota	Eukaryota	Eukaryota	
merged_18S_2492	Eukaryota	Eukaryota	Eukaryota	Eukaryota	Eukaryota	Eukaryota	
merged_18S_2502	Eukaryota	Chytridiomycota	Chytridiomycetes	Rhizophydiales	Uebelmesseromycetaceae	Uebelmesseromyces	
merged_18S_2519	Eukaryota	Chlorophyta	Chlorophyceae	Chlamydomonadales	Chlorococcaceae	Radiosphaera	
merged_18S_2523	Eukaryota	Eukaryota	Eukaryota	Eukaryota	Eukaryota	Eukaryota	
merged_18S_2537	Eukaryota	Ascomycota	Lecanoromycetes	Peltigerales	Collemataceae	Collema	
merged_18S_2541	Eukaryota	Eukaryota	Eukaryota	Eukaryota	Eukaryota	Eukaryota	
merged_18S_2571	Eukaryota	Eukaryota	Eukaryota	Eukaryota	Eukaryota	Eukaryota	
merged_18S_2577	Eukaryota	Ascomycota	Eurotiomycetes	Eurotiales	Trichocomaceae	Trichocomaceae	
merged_18S_2582	Eukaryota	Chlorophyta	Trebouxiophyceae	Trebouxiales	Trebouxiaceae	Symbiochloris	
merged_18S_2592	Eukaryota	Cercozoa	Cercozoa	Cercozoa	Cercozoa	Cercozoa	
merged_18S_2597	Eukaryota	Chlorophyta	Chlorophyceae	Chlamydomonadales	Chlorococcaceae	Chlorococcaceae	
merged_18S_2600	Eukaryota	Eukaryota	Eukaryota	Eukaryota	Eukaryota	Eukaryota	
merged_18S_2601	Eukaryota	Eukaryota	Eukaryota	Eukaryota	Eukaryota	Eukaryota	
merged_18S_2606	Eukaryota	Arthropoda	Insecta	Diptera	Cecidomyiidae	Cecidomyiidae	
merged_18S_2614	Eukaryota	Eukaryota	Eukaryota	Eukaryota	Eukaryota	Eukaryota	
merged_18S_2622	Eukaryota	Ascomycota	Pezizomycetes	Pezizales	Pezizales	Pezizales	
merged_18S_2652	Eukaryota	Ascomycota	Sordariomycetes	Hypocreales	Hypocreales	Hypocreales	
merged_18S_2679	Eukaryota	Apicomplexa	Conoidasida	Eucoccidiorida	Cryptosporidiidae	Cryptosporidium	
merged_18S_2704	Eukaryota	Cercozoa	Cercozoa	Cercozoa	Cercozoa	Cercozoa	
merged_18S_2711	Eukaryota	Eukaryota	Eukaryota	Eukaryota	Eukaryota	Eukaryota	
merged_18S_2727	Eukaryota	Euglenida	Euglenida	Euglenida	Euglenida	Euglenida	
merged_18S_2729	Eukaryota	Arthropoda	Arachnida	Sarcoptiformes	Sarcoptiformes	Sarcoptiformes	
merged_18S_2734	Eukaryota	Bacillariophyta	Coscinodiscophyceae	Thalassiosirales	Thalassiosiraceae	Minidiscus	
merged_18S_2739	Eukaryota	Streptophyta	Streptophyta	Streptophyta	Streptophyta	Streptophyta	
merged_18S_2742	Eukaryota	Eukaryota	Eukaryota	Eukaryota	Eukaryota	Eukaryota	
merged_18S_2746	Eukaryota	Ciliophora	Spirotrichea	Sporadotrichida	Trachelostylidae	Lamtostyla	
merged_18S_2755	Eukaryota	Ascomycota	Pezizomycetes	Pezizales	Ascodesmidaceae	Ascodesmidaceae	
merged_18S_2762	Eukaryota	Chlorophyta	Chlorophyceae	Chlamydomonadales	Chlamydomonadaceae	Chloromonas	
merged_18S_2778	Eukaryota	Nematoda	Chromadorea	Rhabditida	Cephalobidae	Scottnema	
merged_18S_2803	Eukaryota	Zoopagomycota	Zoopagomycetes	Zoopagales	Piptocephalidaceae	Syncephalis	
merged_18S_2804	Eukaryota	Platyhelminthes	Rhabditophora	Lecithoepitheliata	Prorhynchidae	Prorhynchus	
merged_18S_2806	Eukaryota	Cryptophyta	Cryptophyta	Cryptophyta	Cryptophyta	Cryptophyta	
merged_18S_2819	Eukaryota	Eukaryota	Eukaryota	Eukaryota	Eukaryota	Eukaryota	
merged_18S_2840	Eukaryota	Nematoda	Enoplea	Enoplida	Alaimidae	Alaimus	
merged_18S_2870	Eukaryota	Chlorophyta	Trebouxiophyceae	Chlorellales	Chlorellaceae	Micractinium	
merged_18S_2877	Eukaryota	Eukaryota	Eukaryota	Eukaryota	Eukaryota	Eukaryota	
merged_18S_2898	Eukaryota	Eukaryota	Eukaryota	Eukaryota	Eukaryota	Eukaryota	
merged_18S_2926	Eukaryota	Ciliophora	Phyllopharyngea	Chlamydodontida	Chilodonellidae	Chilodonellidae	
merged_18S_2928	Eukaryota	Bacillariophyta	Bacillariophyceae	Naviculales	Naviculaceae	Navicula	
merged_18S_2933	Eukaryota	Ciliophora	Oligohymenophorea	Hymenostomatida	Hymenostomatida	Hymenostomatida	
merged_18S_2970	Eukaryota	Eukaryota	Eukaryota	Eukaryota	Eukaryota	Eukaryota	
merged_18S_2979	Eukaryota	Eukaryota	Eukaryota	Eukaryota	Eukaryota	Eukaryota	
merged_18S_2987	Eukaryota	Chytridiomycota	Chytridiomycetes	Lobulomycetales	Lobulomycetaceae	Lobulomyces	
merged_18S_2990	Eukaryota	Eukaryota	Eukaryota	Eukaryota	Eukaryota	Eukaryota	
merged_18S_2994	Eukaryota	Eukaryota	Eukaryota	Eukaryota	Eukaryota	Eukaryota	
merged_18S_2995	Eukaryota	Eukaryota	Eukaryota	Eukaryota	Eukaryota	Eukaryota	
merged_18S_2997	Eukaryota	Basidiomycota	Agaricomycetes	Agaricales	Pluteaceae	Pluteus	
merged_18S_3005	Eukaryota	Streptophyta	Liliopsida	Poales	Poaceae	Polypogon	
merged_18S_3027	Eukaryota	Chlorophyta	Trebouxiophyceae	Trebouxiophyceae	Trebouxiophyceae	Trebouxiophyceae	
merged_18S_3038	Eukaryota	Basidiomycota	Tritirachiomycetes	Tritirachiales	Tritirachiaceae	Tritirachium	
merged_18S_3075	Eukaryota	Ascomycota	Leotiomycetes	Helotiales	Sclerotiniaceae	Sclerotinia	
merged_18S_3079	Eukaryota	Ciliophora	Colpodea	Cyrtolophosidida	Cyrtolophosidida	Cyrtolophosidida	
merged_18S_3080	Eukaryota	Ascomycota	Lecanoromycetes	Peltigerales	Lobariaceae	Lobariaceae	
merged_18S_3095	Eukaryota	Ascomycota	Dothideomycetes	Dothideales	Dothideaceae	Dothideaceae	
merged_18S_3101	Eukaryota	Chlorophyta	Chlorophyceae	Chaetophorales	Chaetophoraceae	Pleurococcus	
merged_18S_3103	Eukaryota	Eukaryota	Eukaryota	Eukaryota	Eukaryota	Eukaryota	
merged_18S_3123	Eukaryota	Chlorophyta	Trebouxiophyceae	Trebouxiales	Trebouxiaceae	Trebouxiaceae	
merged_18S_3129	Eukaryota	Chlorophyta	Ulvophyceae	Ulotrichales	Ulotrichales	Ulotrichales	
merged_18S_3141	Eukaryota	Basidiomycota	Ustilaginomycetes	Ustilaginales	Ustilaginaceae	Ustilago	
merged_18S_3156	Eukaryota	Chlorophyta	Chlorophyceae	Sphaeropleales	Sphaeropleales	Sphaeropleales	
merged_18S_3157	Eukaryota	Chytridiomycota	Monoblepharidomycetes	Monoblepharidales	Oedogoniomycetaceae	Oedogoniomyces	
merged_18S_3167	Eukaryota	Eukaryota	Eukaryota	Eukaryota	Eukaryota	Eukaryota	
merged_18S_3180	Eukaryota	Eukaryota	Eukaryota	Eukaryota	Eukaryota	Eukaryota	
merged_18S_3192	Eukaryota	Ascomycota	Dothideomycetes	Dothideales	Dothideaceae	Dothidea	
merged_18S_3197	Eukaryota	Ascomycota	Saccharomycetes	Saccharomycetales	Debaryomycetaceae	Candida	
merged_18S_3214	Eukaryota	Ciliophora	Colpodea	Bryometopida	Bryometopidae	Bryometopus	
merged_18S_3231	Eukaryota	Basidiomycota	Agaricomycetes	Agaricales	Entolomataceae	Clitopilus	
merged_18S_3243	Eukaryota	Basidiomycota	Exobasidiomycetes	Exobasidiomycetes	Exobasidiomycetes	Exobasidiomycetes	
merged_18S_3275	Eukaryota	Ascomycota	Archaeorhizomycetes	Archaeorhizomycetales	Archaeorhizomycetaceae	Archaeorhizomyces	
merged_18S_3297	Eukaryota	Ascomycota	Dothideomycetes	Botryosphaeriales	Phyllostictaceae	Phyllostictaceae	
merged_18S_3320	Eukaryota	Cercozoa	Cercozoa	Cercozoa	Cercozoa	Cercozoa	
merged_18S_3340	Eukaryota	Chlorophyta	Trebouxiophyceae	Trebouxiophyceae	Trebouxiophyceae	Trebouxiophyceae	
merged_18S_3343	Eukaryota	Eukaryota	Eukaryota	Eukaryota	Eukaryota	Eukaryota	
merged_18S_3356	Eukaryota	Basidiomycota	Agaricomycetes	Agaricales	Physalacriaceae	Flammulina	
merged_18S_3369	Eukaryota	Bacillariophyta	Fragilariophyceae	Licmophorales	Licmophoraceae	Licmophora	
merged_18S_3374	Eukaryota	Eukaryota	Eukaryota	Eukaryota	Eukaryota	Eukaryota	
merged_18S_3414	Eukaryota	Cercozoa	Thecofilosea	Thecofilosea	Thecofilosea	Thecofilosea	
merged_18S_3420	Eukaryota	Streptophyta	Polytrichopsida	Polytrichales	Polytrichaceae	Polytrichaceae	
merged_18S_3437	Eukaryota	Cercozoa	Cercozoa	Cercozoa	Cercozoa	Cercozoa	
merged_18S_3452	Eukaryota	Eukaryota	Eukaryota	Eukaryota	Eukaryota	Eukaryota	
merged_18S_3479	Eukaryota	Mucoromycota	Endogonomycetes	Endogonales	Endogonaceae	Jimgerdemannia	
merged_18S_3484	Eukaryota	Ascomycota	Eurotiomycetes	Onygenales	Onygenales	Onygenales	
merged_18S_3505	Eukaryota	Nematoda	Chromadorea	Rhabditida	Teratocephalidae	Teratocephalus	
merged_18S_3506	Eukaryota	Basidiomycota	Tremellomycetes	Trichosporonales	Trichosporonaceae	Apiotrichum	
merged_18S_3507	Eukaryota	Eukaryota	Eukaryota	Eukaryota	Eukaryota	Eukaryota	
merged_18S_3542	Eukaryota	Ciliophora	Oligohymenophorea	Pleuronematida	Cyclidiidae	Protocyclidium	
merged_18S_3576	Eukaryota	Eukaryota	Eukaryota	Eukaryota	Eukaryota	Eukaryota	
merged_18S_3595	Eukaryota	Eukaryota	Eukaryota	Eukaryota	Eukaryota	Eukaryota	
merged_18S_3612	Eukaryota	Nematoda	Chromadorea	Rhabditida	Cephalobidae	Acrobeles	
merged_18S_3656	Eukaryota	Mucoromycota	Glomeromycetes	Paraglomerales	Paraglomeraceae	Paraglomus	
merged_18S_3669	Eukaryota	Chlorophyta	Chlorophyceae	Chlamydomonadales	Chlamydomonadales	Chlamydomonadales	
merged_18S_3684	Eukaryota	Eukaryota	Eukaryota	Eukaryota	Eukaryota	Eukaryota	
merged_18S_3693	Eukaryota	Ciliophora	Litostomatea	Pleurostomatida	Amphileptidae	Hemiophrys	
merged_18S_3699	Eukaryota	Ciliophora	Litostomatea	Haptorida	Trachelophyllidae	Lagynophrya	
merged_18S_3707	Eukaryota	Basidiomycota	Tritirachiomycetes	Tritirachiales	Tritirachiaceae	Paratritirachium	
merged_18S_3726	Eukaryota	Eukaryota	Eukaryota	Eukaryota	Eukaryota	Eukaryota	
merged_18S_3744	Eukaryota	Cercozoa	Cercozoa	Cercozoa	Cercozoa	Cercozoa	
merged_18S_3766	Eukaryota	Streptophyta	Jungermanniopsida	Porellales	Porellaceae	Porella	
merged_18S_3767	Eukaryota	Cryptophyta	Cryptophyta	Cryptophyta	Cryptophyta	Cryptophyta	
merged_18S_3775	Eukaryota	Eukaryota	Eukaryota	Eukaryota	Eukaryota	Eukaryota	
merged_18S_3795	Eukaryota	Eukaryota	Eukaryota	Eukaryota	Eukaryota	Eukaryota	
merged_18S_3798	Eukaryota	Rotifera	Monogononta	Flosculariaceae	Flosculariaceae	Flosculariaceae	
merged_18S_3815	Eukaryota	Eukaryota	Eukaryota	Eukaryota	Eukaryota	Eukaryota	
merged_18S_3824	Eukaryota	Cercozoa	Cercozoa	Cercozoa	Cercozoa	Cercozoa	
merged_18S_3832	Eukaryota	Nematoda	Chromadorea	Rhabditida	Aphelenchoididae	Schistonchus	
merged_18S_3833	Eukaryota	Basidiomycota	Agaricomycetes	Polyporales	Polyporaceae	Polyporaceae	
merged_18S_3853	Eukaryota	Microsporidia	Microsporidia	Microsporidia	Microsporidia	Microsporidia	
merged_18S_3875	Eukaryota	Ciliophora	Spirotrichea	Urostylida	Holostichidae	Anteholosticha	
merged_18S_3894	Eukaryota	Ciliophora	Nassophorea	Microthoracida	Microthoracidae	Leptopharynx	
merged_18S_3911	Eukaryota	Ascomycota	Pezizomycetes	Pezizales	Pezizaceae	Pezizaceae	
merged_18S_3915	Eukaryota	Ascomycota	Sordariomycetes	Sordariomycetes	Sordariomycetes	Sordariomycetes	
merged_18S_3928	Eukaryota	Chlorophyta	Trebouxiophyceae	Microthamniales	Microthamniales	Microthamniales	
merged_18S_3998	Eukaryota	Basidiomycota	Tremellomycetes	Tremellomycetes	Tremellomycetes	Tremellomycetes	
merged_18S_4037	Eukaryota	Ascomycota	Saccharomycetes	Saccharomycetales	Saccharomycetaceae	Saccharomyces	
merged_18S_4042	Eukaryota	Rhodophyta	Stylonematophyceae	Stylonematales	Stylonemataceae	Stylonema	
merged_18S_4043	Eukaryota	Nematoda	Chromadorea	Rhabditida	Aphelenchoididae	Robustodorus	
merged_18S_4053	Eukaryota	Eukaryota	Eukaryota	Eukaryota	Eukaryota	Eukaryota	
merged_18S_4064	Eukaryota	Ascomycota	Lecanoromycetes	Caliciales	Physciaceae	Physciaceae	
merged_18S_4075	Eukaryota	Eukaryota	Eukaryota	Eukaryota	Eukaryota	Eukaryota	
merged_18S_4107	Eukaryota	Nematoda	Enoplea	Dorylaimida	Actinolaimidae	Paractinolaimus	
merged_18S_4109	Eukaryota	Chlorophyta	Trebouxiophyceae	Chlorellales	Chlorellales	Chlorellales	
merged_18S_4145	Eukaryota	Basidiomycota	Cystobasidiomycetes	Cystobasidiomycetes	Cystobasidiomycetes	Cystobasidiomycetes	
merged_18S_4151	Eukaryota	Chlorophyta	Trebouxiophyceae	Trebouxiales	Trebouxiaceae	Dictyochloropsis	
merged_18S_4248	Eukaryota	Nematoda	Chromadorea	Rhabditida	Hoplolaimidae	Helicotylenchus	
merged_18S_4262	Eukaryota	Basidiomycota	Cystobasidiomycetes	Erythrobasidiales	Erythrobasidiales	Erythrobasidiales	
merged_18S_4268	Eukaryota	Eukaryota	Eukaryota	Eukaryota	Eukaryota	Eukaryota	
merged_18S_4294	Eukaryota	Arthropoda	Malacostraca	Isopoda	Porcellionidae	Porcellionides	
merged_18S_4300	Eukaryota	Chlorophyta	Chlorophyceae	Chlamydomonadales	Haematococcaceae	Chlorogonium	
merged_18S_4301	Eukaryota	Cercozoa	Cercozoa	Cercozoa	Cercozoa	Cercozoa	
merged_18S_4338	Eukaryota	Eukaryota	Eukaryota	Eukaryota	Eukaryota	Eukaryota	
merged_18S_4399	Eukaryota	Basidiomycota	Agaricomycetes	Agaricales	Amanitaceae	Amanita	
merged_18S_4400	Eukaryota	Bacillariophyta	Bacillariophyceae	Naviculales	Naviculaceae	Mayamaea	
merged_18S_4418	Eukaryota	Eukaryota	Eukaryota	Eukaryota	Eukaryota	Eukaryota	
merged_18S_4458	Eukaryota	Mucoromycota	Glomeromycetes	Glomerales	Glomeraceae	Dominikia	
merged_18S_4462	Eukaryota	Nematoda	Chromadorea	Rhabditida	Tylenchidae	Tylenchidae	
merged_18S_4467	Eukaryota	Chlorophyta	Ulvophyceae	Ulvales	Ulvales	Ulvales	
merged_18S_4487	Eukaryota	Eukaryota	Eukaryota	Eukaryota	Eukaryota	Eukaryota	
merged_18S_4533	Eukaryota	Arthropoda	Collembola	Entomobryomorpha	Isotomidae	Isotomidae	
merged_18S_4534	Eukaryota	Mucoromycota	Glomeromycetes	Archaeosporales	Ambisporaceae	Ambispora	
merged_18S_4545	Eukaryota	Eukaryota	Eukaryota	Eukaryota	Eukaryota	Eukaryota	
merged_18S_4547	Eukaryota	Chlorophyta	Trebouxiophyceae	Chlorellales	Chlorellaceae	Dictyosphaerium	
merged_18S_4553	Eukaryota	Ciliophora	Oligohymenophorea	Philasterida	Philasterida	Philasterida	
merged_18S_4613	Eukaryota	Chlorophyta	Trebouxiophyceae	Trebouxiales	Trebouxiaceae	Trebouxia	
merged_18S_4614	Eukaryota	Nematoda	Chromadorea	Rhabditida	Rhabditidae	Oscheius	
merged_18S_4616	Eukaryota	Basidiomycota	Agaricomycetes	Corticiales	Corticiaceae	Sistotrema	
merged_18S_4619	Eukaryota	Basidiomycota	Agaricomycetes	Agaricales	Tricholomataceae	Tricholomataceae	
merged_18S_4623	Eukaryota	Chlorophyta	Chlorophyceae	Chlamydomonadales	Chlamydomonadales	Chlamydomonadales	
merged_18S_4635	Eukaryota	Apicomplexa	Conoidasida	Eucoccidiorida	Eimeriidae	Goussia	
merged_18S_4636	Eukaryota	Tardigrada	Eutardigrada	Parachela	Hypsibiidae	Hypsibiidae	
merged_18S_4638	Eukaryota	Ciliophora	Colpodea	Bryometopida	Kreyellidae	Microdiaphanosoma	
merged_18S_4640	Eukaryota	Eukaryota	Eukaryota	Eukaryota	Eukaryota	Eukaryota	
merged_18S_4677	Eukaryota	Ascomycota	Dothideomycetes	Pleosporales	Phaeosphaeriaceae	Phaeosphaeriaceae	
merged_18S_4684	Eukaryota	Porifera	Hexactinellida	Lyssacinosida	Euplectellidae	Euplectellidae	
merged_18S_4686	Eukaryota	Apicomplexa	Conoidasida	Conoidasida	Conoidasida	Conoidasida	
merged_18S_4688	Eukaryota	Cercozoa	Thecofilosea	Thecofilosea	Thecofilosea	Thecofilosea	
merged_18S_4697	Eukaryota	Ciliophora	Oligohymenophorea	Pleuronematida	Cyclidiidae	Cyclidium	
merged_18S_4720	Eukaryota	Basidiomycota	Agaricomycetes	Agaricales	Strophariaceae	Strophariaceae	
merged_18S_4771	Eukaryota	Streptophyta	Streptophyta	Streptophyta	Streptophyta	Streptophyta	
merged_18S_4786	Eukaryota	Eukaryota	Eukaryota	Eukaryota	Eukaryota	Eukaryota	
merged_18S_4834	Eukaryota	Mucoromycota	Glomeromycetes	Glomeromycetes	Glomeromycetes	Glomeromycetes	
merged_18S_4893	Eukaryota	Eukaryota	Eukaryota	Eukaryota	Eukaryota	Eukaryota	
merged_18S_4917	Eukaryota	Arthropoda	Arachnida	Trombidiformes	Eriophyidae	Eriophyidae	
merged_18S_4923	Eukaryota	Eukaryota	Eukaryota	Eukaryota	Eukaryota	Eukaryota	
merged_18S_4928	Eukaryota	Eukaryota	Eukaryota	Eukaryota	Eukaryota	Eukaryota	
merged_18S_4933	Eukaryota	Eukaryota	Eukaryota	Eukaryota	Eukaryota	Eukaryota	
merged_18S_4992	Eukaryota	Basidiomycota	Agaricomycetes	Boletales	Coniophoraceae	Coniophora	
merged_18S_5012	Eukaryota	Ascomycota	Leotiomycetes	Helotiales	Helotiaceae	Articulospora	
merged_18S_5013	Eukaryota	Chytridiomycota	Chytridiomycetes	Lobulomycetales	Lobulomycetaceae	Maunachytrium	
merged_18S_5079	Eukaryota	Eukaryota	Eukaryota	Eukaryota	Eukaryota	Eukaryota	
merged_18S_5085	Eukaryota	Ciliophora	Litostomatea	Haptorida	Spathidiidae	Spathidiidae	
merged_18S_5089	Eukaryota	Eukaryota	Eukaryota	Eukaryota	Eukaryota	Eukaryota	
merged_18S_5124	Eukaryota	Ascomycota	Arthoniomycetes	Lichenostigmatales	Phaeococcomycetaceae	Phaeococcomycetaceae	
merged_18S_5175	Eukaryota	Zoopagomycota	Zoopagomycetes	Zoopagales	Piptocephalidaceae	Piptocephalis	
merged_18S_5193	Eukaryota	Ciliophora	Nassophorea	Nassulida	Nassulidae	Nassula	
merged_18S_5227	Eukaryota	Eukaryota	Eukaryota	Eukaryota	Eukaryota	Eukaryota	
merged_18S_5258	Eukaryota	Ascomycota	Dothideomycetes	Tubeufiales	Tubeufiaceae	Tubeufiaceae	
merged_18S_5273	Eukaryota	Bacillariophyta	Bacillariophyceae	Naviculales	Naviculaceae	Naviculaceae	
merged_18S_5276	Eukaryota	Eukaryota	Eukaryota	Eukaryota	Eukaryota	Eukaryota	
merged_18S_5278	Eukaryota	Chlorophyta	Chlorophyceae	Sphaeropleales	Scenedesmaceae	Acutodesmus	
merged_18S_5280	Eukaryota	Cryptophyta	Cryptophyta	Cryptophyta	Cryptophyta	Cryptophyta	
merged_18S_5373	Eukaryota	Streptophyta	Streptophyta	Streptophyta	Streptophyta	Streptophyta	
merged_18S_5379	Eukaryota	Basidiomycota	Tremellomycetes	Cystofilobasidiales	Mrakiaceae	Mrakiaceae	
merged_18S_5386	Eukaryota	Cercozoa	Cercozoa	Cercozoa	Cercozoa	Cercozoa	
merged_18S_5412	Eukaryota	Eukaryota	Eukaryota	Eukaryota	Eukaryota	Eukaryota	
merged_18S_5413	Eukaryota	Mollusca	Polyplacophora	Chitonida	Ischnochitonidae	Stenoplax	
merged_18S_5420	Eukaryota	Colponemidia	Colponemidia	Colponemidia	Colponemidia	Colponemidia	
merged_18S_5475	Eukaryota	Chlorophyta	Chlorophyceae	Sphaeropleales	Neochloridaceae	Botryosphaerella	
merged_18S_5487	Eukaryota	Zoopagomycota	Kickxellomycetes	Kickxellales	Kickxellaceae	Kickxellaceae	
merged_18S_5491	Eukaryota	Rhodophyta	Bangiophyceae	Cyanidiales	Cyanidiaceae	Cyanidioschyzon	
merged_18S_5526	Eukaryota	Ascomycota	Pezizomycetes	Pezizales	Sarcoscyphaceae	Sarcoscyphaceae	
merged_18S_5550	Eukaryota	Cryptophyta	Cryptophyta	Cryptophyta	Cryptophyta	Cryptophyta	
merged_18S_5581	Eukaryota	Ciliophora	Oligohymenophorea	Philasterida	Philasteridae	Philasteridae	
merged_18S_5591	Eukaryota	Mucoromycota	Glomeromycetes	Paraglomerales	Paraglomeraceae	Innospora	
merged_18S_5594	Eukaryota	Ciliophora	Oligohymenophorea	Philasterida	Loxocephalidae	Dexiotricha	
merged_18S_5603	Eukaryota	Basidiomycota	Tremellomycetes	Trichosporonales	Trichosporonales	Trichosporonales	
merged_18S_5609	Eukaryota	Eukaryota	Eukaryota	Eukaryota	Eukaryota	Eukaryota	
merged_18S_5668	Eukaryota	Arthropoda	Arachnida	Trombidiformes	Myobiidae	Radfordia	
merged_18S_5670	Eukaryota	Ciliophora	Litostomatea	Litostomatea	Litostomatea	Litostomatea	
merged_18S_5705	Eukaryota	Ciliophora	Oligohymenophorea	Pleuronematida	Cyclidiidae	Cristigera	
merged_18S_5716	Eukaryota	Cryptophyta	Cryptophyta	Cryptophyta	Cryptophyta	Cryptophyta	
merged_18S_5742	Eukaryota	Ascomycota	Eurotiomycetes	Onygenales	Onygenaceae	Keratinophyton	
merged_18S_5790	Eukaryota	Eukaryota	Eukaryota	Eukaryota	Eukaryota	Eukaryota	
merged_18S_5813	Eukaryota	Cercozoa	Cercozoa	Cercozoa	Cercozoa	Cercozoa	
merged_18S_5820	Eukaryota	Eukaryota	Eukaryota	Eukaryota	Eukaryota	Eukaryota	
merged_18S_5827	Eukaryota	Ascomycota	Dothideomycetes	Dothideales	Dothideaceae	Endoconidioma	
merged_18S_5841	Eukaryota	Basidiomycota	Tremellomycetes	Trichosporonales	Trichosporonaceae	Trichosporonaceae	
merged_18S_5857	Eukaryota	Arthropoda	Insecta	Diptera	Chironomidae	Chironomus	
merged_18S_5939	Eukaryota	Eukaryota	Eukaryota	Eukaryota	Eukaryota	Eukaryota	
merged_18S_5942	Eukaryota	Basidiomycota	Agaricomycetes	Cantharellales	Tulasnellaceae	Tulasnella	
merged_18S_5961	Eukaryota	Basidiomycota	Agaricomycetes	Agaricales	Lycoperdaceae	Lycoperdon	
merged_18S_5983	Eukaryota	Basidiomycota	Agaricomycetes	Corticiales	Corticiaceae	Hyphodontia	
merged_18S_6000	Eukaryota	Eukaryota	Eukaryota	Eukaryota	Eukaryota	Eukaryota	
merged_18S_6055	Eukaryota	Rhodophyta	Stylonematophyceae	Stylonematales	Stylonemataceae	Rhodosorus	
merged_18S_6064	Eukaryota	Cercozoa	Cercozoa	Cercozoa	Cercozoa	Cercozoa	
merged_18S_6071	Eukaryota	Ascomycota	Saccharomycetes	Saccharomycetales	Trichomonascaceae	Wickerhamiella	
merged_18S_6122	Eukaryota	Mucoromycota	Glomeromycetes	Diversisporales	Diversisporaceae	Redeckera	
merged_18S_6135	Eukaryota	Ascomycota	Leotiomycetes	Leotiomycetes	Leotiomycetes	Leotiomycetes	
merged_18S_6189	Eukaryota	Eukaryota	Eukaryota	Eukaryota	Eukaryota	Eukaryota	
merged_18S_6193	Eukaryota	Eukaryota	Eukaryota	Eukaryota	Eukaryota	Eukaryota	
merged_18S_6232	Eukaryota	Streptophyta	Liliopsida	Arecales	Arecaceae	Arecaceae	
merged_18S_6271	Eukaryota	Eukaryota	Eukaryota	Eukaryota	Eukaryota	Eukaryota	
merged_18S_6283	Eukaryota	Ascomycota	Sordariomycetes	Sordariales	Chaetomiaceae	Chaetomiaceae	
merged_18S_6303	Eukaryota	Chlorophyta	Chlorophyceae	Protosiphonales	Protosiphonaceae	Chlorochytrium	
merged_18S_6388	Eukaryota	Arthropoda	Collembola	Symphypleona	Sminthuridae	Sphaeridia	
merged_18S_6407	Eukaryota	Cercozoa	Cercozoa	Cercozoa	Cercozoa	Cercozoa	
merged_18S_6434	Eukaryota	Cercozoa	Cercozoa	Cercozoa	Cercozoa	Cercozoa	
merged_18S_6444	Eukaryota	Eukaryota	Eukaryota	Eukaryota	Eukaryota	Eukaryota	
merged_18S_6448	Eukaryota	Ascomycota	Dothideomycetes	Pleosporales	Cucurbitariaceae	Cucurbitariaceae	
merged_18S_6449	Eukaryota	Basidiomycota	Tremellomycetes	Filobasidiales	Piskurozymaceae	Piskurozyma	
merged_18S_6457	Eukaryota	Rhodophyta	Stylonematophyceae	Stylonematales	Stylonemataceae	Rhodospora	
merged_18S_6490	Eukaryota	Ascomycota	Dothideomycetes	Pleosporales	Massarinaceae	Helminthosporium	
merged_18S_6504	Eukaryota	Streptophyta	Bryopsida	Funariales	Funariaceae	Physcomitrella	
merged_18S_6510	Eukaryota	Ciliophora	Oligohymenophorea	Philasterida	Cinetochilidae	Cinetochilum	
merged_18S_6517	Eukaryota	Streptophyta	Liliopsida	Liliopsida	Liliopsida	Liliopsida	
merged_18S_6561	Eukaryota	Ascomycota	Saccharomycetes	Saccharomycetales	Trichomonascaceae	Blastobotrys	
merged_18S_6586	Eukaryota	Streptophyta	Streptophyta	Streptophyta	Streptophyta	Streptophyta	
merged_18S_6601	Eukaryota	Cercozoa	Thecofilosea	Cryomonadida	Cryomonadida	Cryomonadida	
merged_18S_6635	Eukaryota	Eukaryota	Eukaryota	Eukaryota	Eukaryota	Eukaryota	
merged_18S_6683	Eukaryota	Arthropoda	Malacostraca	Malacostraca	Malacostraca	Malacostraca	
merged_18S_6687	Eukaryota	Eukaryota	Eukaryota	Eukaryota	Eukaryota	Eukaryota	
merged_18S_6746	Eukaryota	Chlorophyta	Chlorophyceae	Sphaeropleales	Radiococcaceae	Radiococcus	
merged_18S_6748	Eukaryota	Basidiomycota	Tremellomycetes	Tremellales	Bulleraceae	Bullera	
merged_18S_6749	Eukaryota	Eukaryota	Eukaryota	Eukaryota	Eukaryota	Eukaryota	
merged_18S_6763	Eukaryota	Basidiomycota	Exobasidiomycetes	Microstromatales	Microstromatales	Microstromatales	
merged_18S_6796	Eukaryota	Cryptophyta	Cryptophyta	Cryptophyta	Cryptophyta	Cryptophyta	
merged_18S_6829	Eukaryota	Zoopagomycota	Zoopagomycota	Zoopagomycota	Zoopagomycota	Zoopagomycota	
merged_18S_6886	Eukaryota	Apicomplexa	Apicomplexa	Apicomplexa	Apicomplexa	Apicomplexa	
merged_18S_6891	Eukaryota	Eukaryota	Eukaryota	Eukaryota	Eukaryota	Eukaryota	
merged_18S_6939	Eukaryota	Ciliophora	Oligohymenophorea	Philasterida	Philasteridae	Miamiensis	
merged_18S_6947	Eukaryota	Porifera	Demospongiae	Clionaida	Placospongiidae	Placospongia	
merged_18S_6952	Eukaryota	Cercozoa	Thecofilosea	Cryomonadida	Rhogostomidae	Capsellina	
merged_18S_6982	Eukaryota	Blastocladiomycota	Blastocladiomycetes	Blastocladiales	Catenariaceae	Catenophlyctis	
merged_18S_6997	Eukaryota	Eukaryota	Eukaryota	Eukaryota	Eukaryota	Eukaryota	
merged_18S_7048	Eukaryota	Cnidaria	Anthozoa	Scleractinia	Scleractinia	Scleractinia	
merged_18S_7056	Eukaryota	Ascomycota	Saccharomycetes	Saccharomycetales	Saccharomycetales	Saccharomycetales	
merged_18S_7074	Eukaryota	Eukaryota	Eukaryota	Eukaryota	Eukaryota	Eukaryota	
merged_18S_7075	Eukaryota	Porifera	Demospongiae	Haplosclerida	Haplosclerida	Haplosclerida	
merged_18S_7090	Eukaryota	Bacillariophyta	Coscinodiscophyceae	Chaetocerotales	Chaetocerotaceae	Chaetoceros	
merged_18S_7112	Eukaryota	Chytridiomycota	Chytridiomycetes	Spizellomycetales	Spizellomycetaceae	Gaertneriomyces	
merged_18S_7184	Eukaryota	Ascomycota	Saccharomycetes	Saccharomycetales	Phaffomycetaceae	Starmera	
merged_18S_7226	Eukaryota	Eukaryota	Eukaryota	Eukaryota	Eukaryota	Eukaryota	
merged_18S_7237	Eukaryota	Ciliophora	Litostomatea	Haptorida	Spathidiidae	Arcuospathidium	
merged_18S_7240	Eukaryota	Basidiomycota	Agaricomycetes	Auriculariales	Auriculariaceae	Auricularia	
merged_18S_7305	Eukaryota	Chlorophyta	Chlorophyceae	Chlamydomonadales	Volvocaceae	Lobomonas	
merged_18S_7324	Eukaryota	Eukaryota	Eukaryota	Eukaryota	Eukaryota	Eukaryota	
merged_18S_7363	Eukaryota	Nematoda	Chromadorea	Rhabditida	Cephalobidae	Seleborca	
merged_18S_7377	Eukaryota	Basidiomycota	Cystobasidiomycetes	Cystobasidiomycetes	Cystobasidiomycetes	Cystobasidiomycetes	
merged_18S_7378	Eukaryota	Cercozoa	Cercozoa	Cercozoa	Cercozoa	Cercozoa	
merged_18S_7386	Eukaryota	Eukaryota	Eukaryota	Eukaryota	Eukaryota	Eukaryota	
merged_18S_7388	Eukaryota	Ascomycota	Pezizomycetes	Pezizales	Sarcosomataceae	Urnula	
merged_18S_7396	Eukaryota	Eukaryota	Eukaryota	Eukaryota	Eukaryota	Eukaryota	
merged_18S_7403	Eukaryota	Ascomycota	Saccharomycetes	Saccharomycetales	Metschnikowiaceae	Metschnikowia	
merged_18S_7404	Eukaryota	Basidiomycota	Atractiellomycetes	Atractiellales	Hoehnelomycetaceae	Proceropycnis	
merged_18S_7480	Eukaryota	Streptophyta	Streptophyta	Streptophyta	Streptophyta	Streptophyta	
merged_18S_7482	Eukaryota	Ciliophora	Oligohymenophorea	Peniculida	Parameciidae	Paramecium	
merged_18S_7496	Eukaryota	Mucoromycota	Mucoromycetes	Mucorales	Lichtheimiaceae	Lichtheimia	
merged_18S_7528	Eukaryota	Arthropoda	Arachnida	Trombidiformes	Tydeidae	Tydeidae	
merged_18S_7542	Eukaryota	Ascomycota	Orbiliomycetes	Orbiliales	Orbiliaceae	Hyalorbilia	
merged_18S_7549	Eukaryota	Eukaryota	Eukaryota	Eukaryota	Eukaryota	Eukaryota	
merged_18S_7561	Eukaryota	Cryptophyta	Cryptophyta	Cryptophyta	Cryptophyta	Cryptophyta	
merged_18S_7571	Eukaryota	Annelida	Polychaeta	Phyllodocida	Aphroditidae	Aphrodita	
merged_18S_7602	Eukaryota	Cercozoa	Cercozoa	Cercozoa	Cercozoa	Cercozoa	
merged_18S_7643	Eukaryota	Eukaryota	Eukaryota	Eukaryota	Eukaryota	Eukaryota	
merged_18S_7646	Eukaryota	Eukaryota	Eukaryota	Eukaryota	Eukaryota	Eukaryota	
merged_18S_7647	Eukaryota	Eukaryota	Eukaryota	Eukaryota	Eukaryota	Eukaryota	
merged_18S_7686	Eukaryota	Nematoda	Enoplea	Dorylaimida	Aporcelaimidae	Aporcelaimellus	
merged_18S_7728	Eukaryota	Annelida	Clitellata	Haplotaxida	Aeolosomatidae	Aeolosoma	
merged_18S_7739	Eukaryota	Eukaryota	Eukaryota	Eukaryota	Eukaryota	Eukaryota	
merged_18S_7742	Eukaryota	Ascomycota	Saccharomycetes	Saccharomycetales	Dipodascaceae	Geotrichum	
merged_18S_7743	Eukaryota	Ascomycota	Leotiomycetes	Helotiales	Helotiales	Helotiales	
merged_18S_7749	Eukaryota	Cercozoa	Cercozoa	Cercozoa	Cercozoa	Cercozoa	
merged_18S_7859	Eukaryota	Ascomycota	Saccharomycetes	Saccharomycetales	Saccharomycetaceae	Zygosaccharomyces	
merged_18S_7902	Eukaryota	Arthropoda	Arachnida	Trombidiformes	Rhagidiidae	Rhagidiidae	
merged_18S_7903	Eukaryota	Annelida	Clitellata	Enchytraeida	Enchytraeidae	Buchholzia	
merged_18S_7914	Eukaryota	Eukaryota	Eukaryota	Eukaryota	Eukaryota	Eukaryota	
merged_18S_7930	Eukaryota	Apicomplexa	Conoidasida	Eucoccidiorida	Sarcocystidae	Sarcocystis	
merged_18S_7945	Eukaryota	Eukaryota	Eukaryota	Eukaryota	Eukaryota	Eukaryota	
merged_18S_7964	Eukaryota	Streptophyta	Streptophyta	Streptophyta	Streptophyta	Streptophyta	
merged_18S_8054	Eukaryota	Apicomplexa	Conoidasida	Neogregarinorida	Neogregarinorida	Neogregarinorida	
merged_18S_8060	Eukaryota	Nematoda	Chromadorea	Rhabditida	Panagrolaimidae	Panagrolaimus	
merged_18S_8069	Eukaryota	Chytridiomycota	Chytridiomycetes	Chytridiales	Chytridiaceae	Chytridium	
merged_18S_8079	Eukaryota	Nematoda	Chromadorea	Rhabditida	Hoplolaimidae	Rotylenchulus	
merged_18S_8083	Eukaryota	Eukaryota	Eukaryota	Eukaryota	Eukaryota	Eukaryota	
merged_18S_8164	Eukaryota	Eukaryota	Eukaryota	Eukaryota	Eukaryota	Eukaryota	
merged_18S_8191	Eukaryota	Basidiomycota	Agaricomycetes	Hymenochaetales	Schizoporaceae	Xylodon	
merged_18S_8193	Eukaryota	Nematoda	Chromadorea	Rhabditida	Allantonematidae	Contortylenchus	
merged_18S_8201	Eukaryota	Nematoda	Chromadorea	Rhabditida	Rhabditidae	Mesorhabditis	
merged_18S_8240	Eukaryota	Eukaryota	Eukaryota	Eukaryota	Eukaryota	Eukaryota	
merged_18S_8275	Eukaryota	Ciliophora	Oligohymenophorea	Hymenostomatida	Tetrahymenidae	Tetrahymena	
merged_18S_8282	Eukaryota	Eukaryota	Eukaryota	Eukaryota	Eukaryota	Eukaryota	
merged_18S_8304	Eukaryota	Porifera	Demospongiae	Bubarida	Bubaridae	Phakellia	
merged_18S_8312	Eukaryota	Mucoromycota	Mucoromycetes	Mucorales	Phycomycetaceae	Phycomyces	
merged_18S_8404	Eukaryota	Eukaryota	Eukaryota	Eukaryota	Eukaryota	Eukaryota	
merged_18S_8408	Eukaryota	Streptophyta	Streptophyta	Streptophyta	Streptophyta	Streptophyta	
merged_18S_8419	Eukaryota	Cercozoa	Cercozoa	Cercozoa	Cercozoa	Cercozoa	
merged_18S_8421	Eukaryota	Cryptophyta	Cryptophyta	Cryptophyta	Cryptophyta	Cryptophyta	
merged_18S_8424	Eukaryota	Apicomplexa	Conoidasida	Neogregarinorida	Neogregarinorida	Neogregarinorida	
reverse_18S_36	Eukaryota	Rhodophyta	Bangiophyceae	Bangiales	Bangiaceae	Wildemania	
reverse_18S_93	Eukaryota	Rhodophyta	Rhodophyta	Rhodophyta	Rhodophyta	Rhodophyta	
reverse_18S_217	Eukaryota	Chordata	Chordata	Chordata	Chordata	Chordata	
reverse_18S_271	Eukaryota	Chordata	Mammalia	Rodentia	Muridae	Mus	
reverse_18S_740	Eukaryota	Chordata	Actinopteri	Pleuronectiformes	Pleuronectiformes	Pleuronectiformes	
reverse_18S_874	Eukaryota	Arthropoda	Arthropoda	Arthropoda	Arthropoda	Arthropoda	
reverse_18S_3024	Eukaryota	Chordata	Actinopteri	Pleuronectiformes	Pleuronectidae	Kareius	
reverse_18S_3915	Eukaryota	Chordata	Chordata	Chordata	Chordata	Chordata	
reverse_18S_5354	Eukaryota	Ascomycota	Eurotiomycetes	Chaetothyriales	Chaetothyriales	Chaetothyriales	
reverse_18S_5360	Eukaryota	Ascomycota	Dothideomycetes	Dothideales	Zalariaceae	Zalaria	
unmerged_18S_8194	Eukaryota	Rhodophyta	Bangiophyceae	Bangiales	Bangiaceae	Bangiaceae	
unmerged_18S_13206	Eukaryota	Mucoromycota	Glomeromycetes	Diversisporales	Diversisporaceae	Diversisporaceae	
unmerged_18S_13331	Eukaryota	Bacillariophyta	Bacillariophyceae	Naviculales	Sellaphoraceae	Sellaphora	
unmerged_18S_13389	Eukaryota	Bacillariophyta	Fragilariophyceae	Fragilariales	Fragilariaceae	Fragilariaceae	
unmerged_18S_13416	Eukaryota	Eukaryota	Eukaryota	Eukaryota	Eukaryota	Eukaryota	
unmerged_18S_13549	Eukaryota	Eukaryota	Eukaryota	Eukaryota	Eukaryota	Eukaryota	
unmerged_18S_13621	Eukaryota	Bacillariophyta	Bacillariophyceae	Bacillariales	Bacillariaceae	Tryblionella	
unmerged_18S_13627	Eukaryota	Bacillariophyta	Bacillariophyceae	Bacillariales	Bacillariaceae	Hantzschia	
unmerged_18S_13657	Eukaryota	Bacillariophyta	Bacillariophyceae	Naviculales	Stauroneidaceae	Craticula	
unmerged_18S_13688	Eukaryota	Bacillariophyta	Bacillariophyceae	Bacillariales	Bacillariaceae	Pseudo-nitzschia	
unmerged_18S_13757	Eukaryota	Bacillariophyta	Bacillariophyceae	Bacillariales	Bacillariaceae	Cylindrotheca	
unmerged_18S_13790	Eukaryota	Bacillariophyta	Fragilariophyceae	Licmophorales	Ulnariaceae	Tabularia	
unmerged_18S_13950	Eukaryota	Arthropoda	Collembola	Symphypleona	Dicyrtomidae	Dicyrtomidae	
unmerged_18S_14091	Eukaryota	Basidiomycota	Agaricomycetes	Geastrales	Geastraceae	Geastrum	
unmerged_18S_14109	Eukaryota	Ciliophora	Oligohymenophorea	Sessilida	Sessilida	Sessilida	
unmerged_18S_14161	Eukaryota	Arthropoda	Insecta	Coleoptera	Silvanidae	Psammoecus	
unmerged_18S_14188	Eukaryota	Arthropoda	Arachnida	Sarcoptiformes	Eniochthoniidae	Eniochthonius	
unmerged_18S_14212	Eukaryota	Arthropoda	Insecta	Hymenoptera	Formicidae	Camponotus	
unmerged_18S_14258	Eukaryota	Arthropoda	Arachnida	Sarcoptiformes	Pediculochelidae	Paralycus	
unmerged_18S_14283	Eukaryota	Arthropoda	Arachnida	Araneae	Pholcidae	Belisana	
unmerged_18S_14322	Eukaryota	Ascomycota	Dothideomycetes	Capnodiales	Mycosphaerellaceae	Mycosphaerellaceae	
unmerged_18S_14338	Eukaryota	Arthropoda	Arachnida	Trombidiformes	Eupodidae	Eupodes	
unmerged_18S_14356	Eukaryota	Ascomycota	Pezizomycetes	Pezizales	Pyronemataceae	Diehliomyces	
unmerged_18S_14426	Eukaryota	Cercozoa	Cercozoa	Cercozoa	Cercozoa	Cercozoa	
unmerged_18S_14460	Eukaryota	Ascomycota	Sordariomycetes	Hypocreales	Stachybotryaceae	Stachybotrys	
unmerged_18S_14478	Eukaryota	Cercozoa	Cercozoa	Cercozoa	Cercozoa	Cercozoa	
unmerged_18S_14548	Eukaryota	Cercozoa	Cercozoa	Cercozoa	Cercozoa	Cercozoa	
unmerged_18S_14553	Eukaryota	Ascomycota	Dothideomycetes	Capnodiales	Teratosphaeriaceae	Friedmanniomyces	
unmerged_18S_14598	Eukaryota	Ascomycota	Pezizomycetes	Pezizales	Chorioactidaceae	Pseudosarcosoma	
unmerged_18S_14683	Eukaryota	Ascomycota	Sordariomycetes	Xylariales	Xylariaceae	Xylariaceae	
unmerged_18S_14687	Eukaryota	Ascomycota	Leotiomycetes	Erysiphales	Erysiphaceae	Blumeria	
unmerged_18S_14865	Eukaryota	Ascomycota	Dothideomycetes	Pleosporales	Didymellaceae	Didymella	
unmerged_18S_14926	Eukaryota	Ascomycota	Dothideomycetes	Pleosporales	Delitschiaceae	Delitschia	
unmerged_18S_15005	Eukaryota	Ascomycota	Eurotiomycetes	Eurotiales	Trichocomaceae	Thermomyces	
unmerged_18S_15232	Eukaryota	Ascomycota	Pezizomycetes	Pezizales	Tuberaceae	Tuberaceae	
unmerged_18S_15519	Eukaryota	Ascomycota	Dothideomycetes	Pleosporales	Thyridariaceae	Thyridariaceae	
unmerged_18S_15560	Eukaryota	Ascomycota	Leotiomycetes	Leotiomycetes	Leotiomycetes	Leotiomycetes	
unmerged_18S_15575	Eukaryota	Ascomycota	Dothideomycetes	Tubeufiales	Tubeufiaceae	Helicoma	
unmerged_18S_15621	Eukaryota	Ascomycota	Eurotiomycetes	Eurotiales	Aspergillaceae	Aspergillaceae	
unmerged_18S_15783	Eukaryota	Ascomycota	Taphrinomycetes	Taphrinales	Protomycetaceae	Protomyces	
unmerged_18S_15827	Eukaryota	Chytridiomycota	Chytridiomycetes	Chytridiales	Chytridiaceae	Phlyctochytrium	
unmerged_18S_15844	Eukaryota	Chytridiomycota	Chytridiomycetes	Lobulomycetales	Lobulomycetales	Lobulomycetales	
unmerged_18S_15871	Eukaryota	Chytridiomycota	Chytridiomycetes	Cladochytriales	Nowakowskiellaceae	Nowakowskiella	
unmerged_18S_15875	Eukaryota	Ascomycota	Taphrinomycetes	Taphrinales	Taphrinaceae	Taphrina	
unmerged_18S_15903	Eukaryota	Ascomycota	Lecanoromycetes	Lecanorales	Lecanoraceae	Lecanoraceae	
unmerged_18S_15916	Eukaryota	Basidiomycota	Tremellomycetes	Holtermanniales	Holtermanniales	Holtermanniales	
unmerged_18S_15954	Eukaryota	Chytridiomycota	Monoblepharidomycetes	Monoblepharidales	Monoblepharidaceae	Monoblepharis	
unmerged_18S_16463	Eukaryota	Blastocladiomycota	Blastocladiomycetes	Blastocladiales	Blastocladiales	Blastocladiales	
unmerged_18S_16634	Eukaryota	Basidiomycota	Agaricomycetes	Hymenochaetales	Hymenochaetales	Hymenochaetales	
unmerged_18S_16685	Eukaryota	Ascomycota	Saccharomycetes	Saccharomycetales	Saccharomycetales	Saccharomycetales	
unmerged_18S_16716	Eukaryota	Chytridiomycota	Chytridiomycetes	Chytridiales	Chytridiales	Chytridiales	
unmerged_18S_16799	Eukaryota	Basidiomycota	Pucciniomycetes	Pucciniales	Melampsoraceae	Melampsora	
unmerged_18S_16824	Eukaryota	Ascomycota	Saccharomycetes	Saccharomycetales	Phaffomycetaceae	Cyberlindnera	
unmerged_18S_16976	Eukaryota	Mucoromycota	Mortierellomycetes	Mortierellales	Mortierellaceae	Mortierellaceae	
unmerged_18S_16981	Eukaryota	Ascomycota	Pezizomycetes	Pezizales	Pyronemataceae	Orbicula	
unmerged_18S_16989	Eukaryota	Cercozoa	Cercozoa	Cercozoa	Cercozoa	Cercozoa	
unmerged_18S_16991	Eukaryota	Cercozoa	Cercozoa	Cercozoa	Cercozoa	Cercozoa	
unmerged_18S_17043	Eukaryota	Basidiomycota	Agaricomycetes	Cantharellales	Ceratobasidiaceae	Ceratobasidiaceae	
unmerged_18S_17067	Eukaryota	Basidiomycota	Agaricomycetes	Agaricales	Cyphellaceae	Cyphellopsis	
unmerged_18S_17098	Eukaryota	Basidiomycota	Agaricomycetes	Hymenochaetales	Hymenochaetaceae	Phellinus	
unmerged_18S_17107	Eukaryota	Basidiomycota	Agaricomycetes	Sebacinales	Serendipitaceae	Serendipita	
unmerged_18S_17172	Eukaryota	Chytridiomycota	Chytridiomycetes	Spizellomycetales	Powellomycetaceae	Powellomyces	
unmerged_18S_17189	Eukaryota	Basidiomycota	Tremellomycetes	Tremellales	Tremellaceae	Tremellaceae	
unmerged_18S_17296	Eukaryota	Chordata	Mammalia	Mammalia	Mammalia	Mammalia	
unmerged_18S_17469	Eukaryota	Ascomycota	Dothideomycetes	Botryosphaeriales	Phyllostictaceae	Phyllosticta	
unmerged_18S_17574	Eukaryota	Eukaryota	Eukaryota	Eukaryota	Eukaryota	Eukaryota	
unmerged_18S_17636	Eukaryota	Chytridiomycota	Chytridiomycetes	Spizellomycetales	Spizellomycetales	Spizellomycetales	
unmerged_18S_17719	Eukaryota	Rotifera	Bdelloidea	Bdelloidea	Bdelloidea	Bdelloidea	
unmerged_18S_17724	Eukaryota	Rotifera	Bdelloidea	Philodinida	Philodinidae	Philodinidae	
unmerged_18S_17742	Eukaryota	Ascomycota	Sordariomycetes	Melanosporales	Ceratostomataceae	Ceratostomataceae	
unmerged_18S_17753	Eukaryota	Nematoda	Enoplea	Dorylaimida	Aporcelaimidae	Aporcella	
unmerged_18S_17787	Eukaryota	Rhodophyta	Rhodellophyceae	Dixoniellales	Dixoniellaceae	Bulboplastis	
unmerged_18S_17871	Eukaryota	Chordata	Mammalia	Carnivora	Carnivora	Carnivora	
unmerged_18S_17874	Eukaryota	Cercozoa	Cercozoa	Cercozoa	Cercozoa	Cercozoa	
unmerged_18S_17899	Eukaryota	Chordata	Actinopteri	Clupeiformes	Clupeidae	Clupeidae	
unmerged_18S_18033	Eukaryota	Chordata	Actinopteri	Pleuronectiformes	Pleuronectidae	Pleuronichthys	
unmerged_18S_18143	Eukaryota	Chordata	Actinopteri	Clupeiformes	Clupeidae	Nematalosa	
unmerged_18S_18202	Eukaryota	Ascomycota	Taphrinomycetes	Taphrinales	Taphrinales	Taphrinales	
unmerged_18S_18382	Eukaryota	Streptophyta	Streptophyta	Streptophyta	Streptophyta	Streptophyta	
unmerged_18S_18397	Eukaryota	Rhodophyta	Compsopogonophyceae	Compsopogonales	Compsopogonaceae	Compsopogon	
unmerged_18S_18425	Eukaryota	Eukaryota	Eukaryota	Eukaryota	Eukaryota	Eukaryota	
unmerged_18S_18447	Eukaryota	Ciliophora	Karyorelictea	Protostomatida	Kentrophoridae	Kentrophoros	
unmerged_18S_18473	Eukaryota	Streptophyta	Lycopodiopsida	Selaginellales	Selaginellaceae	Selaginella	
unmerged_18S_18494	Eukaryota	Cryptophyta	Cryptophyta	Cryptophyta	Cryptophyta	Cryptophyta	
unmerged_18S_18500	Eukaryota	Streptophyta	Klebsormidiophyceae	Klebsormidiales	Klebsormidiaceae	Interfilum	
unmerged_18S_18597	Eukaryota	Streptophyta	Streptophyta	Streptophyta	Streptophyta	Streptophyta	
unmerged_18S_18613	Eukaryota	Ciliophora	Oligohymenophorea	Philasterida	Cohnilembidae	Cohnilembus	
unmerged_18S_18615	Eukaryota	Eukaryota	Eukaryota	Eukaryota	Eukaryota	Eukaryota	
unmerged_18S_18638	Eukaryota	Cryptophyta	Cryptophyta	Cryptophyta	Cryptophyta	Cryptophyta	
unmerged_18S_18670	Eukaryota	Streptophyta	Klebsormidiophyceae	Klebsormidiales	Klebsormidiaceae	Klebsormidiaceae	
unmerged_18S_18754	Eukaryota	Perkinsozoa	Perkinsozoa	Perkinsozoa	Perkinsozoa	Perkinsozoa	
unmerged_18S_18782	Eukaryota	Streptophyta	Zygnemophyceae	Zygnematales	Mesotaeniaceae	Roya	
unmerged_18S_18799	Eukaryota	Chlorophyta	Mamiellophyceae	Mamiellales	Mamiellaceae	Micromonas	
unmerged_18S_18811	Eukaryota	Rhodophyta	Bangiophyceae	Bangiales	Bangiaceae	Porphyra	
unmerged_18S_18822	Eukaryota	Streptophyta	Jungermanniopsida	Jungermanniopsida	Jungermanniopsida	Jungermanniopsida	
unmerged_18S_18827	Eukaryota	Eukaryota	Eukaryota	Eukaryota	Eukaryota	Eukaryota	
unmerged_18S_18828	Eukaryota	Ciliophora	Oligohymenophorea	Philasterida	Pseudocohnilembidae	Pseudocohnilembus	
unmerged_18S_18840	Eukaryota	Cryptophyta	Cryptophyta	Cryptophyta	Cryptophyta	Cryptophyta	
unmerged_18S_18863	Eukaryota	Ciliophora	Heterotrichea	Heterotrichida	Spirostomidae	Anigsteinia	
unmerged_18S_18876	Eukaryota	Rhodophyta	Bangiophyceae	Porphyridiales	Porphyridiaceae	Porphyridium	
unmerged_18S_18902	Eukaryota	Streptophyta	Jungermanniopsida	Porellales	Lejeuneaceae	Bromeliophila	
unmerged_18S_18937	Eukaryota	Streptophyta	Streptophyta	Streptophyta	Streptophyta	Streptophyta	
unmerged_18S_18947	Eukaryota	Eukaryota	Eukaryota	Eukaryota	Eukaryota	Eukaryota	
unmerged_18S_19103	Eukaryota	Streptophyta	Streptophyta	Streptophyta	Streptophyta	Streptophyta	
unmerged_18S_19215	Eukaryota	Streptophyta	Liliopsida	Poales	Poaceae	Alloteropsis	
unmerged_18S_19237	Eukaryota	Streptophyta	Streptophyta	Streptophyta	Streptophyta	Streptophyta	
unmerged_18S_19251	Eukaryota	Streptophyta	Streptophyta	Streptophyta	Streptophyta	Streptophyta	
unmerged_18S_19263	Eukaryota	Streptophyta	Streptophyta	Streptophyta	Streptophyta	Streptophyta	
unmerged_18S_19317	Eukaryota	Streptophyta	Zygnemophyceae	Zygnematales	Zygnemataceae	Entransia	
unmerged_18S_19343	Eukaryota	Arthropoda	Insecta	Coleoptera	Buprestidae	Agrilus	
unmerged_18S_19346	Eukaryota	Streptophyta	Streptophyta	Streptophyta	Streptophyta	Streptophyta	
unmerged_18S_19388	Eukaryota	Streptophyta	Bryopsida	Bryales	Bryaceae	Bryaceae	
unmerged_18S_19412	Eukaryota	Eukaryota	Eukaryota	Eukaryota	Eukaryota	Eukaryota	
unmerged_18S_19438	Eukaryota	Eukaryota	Eukaryota	Eukaryota	Eukaryota	Eukaryota	
unmerged_18S_19439	Eukaryota	Eukaryota	Eukaryota	Eukaryota	Eukaryota	Eukaryota	
unmerged_18S_19452	Eukaryota	Streptophyta	Jungermanniopsida	Porellales	Lejeuneaceae	Diplasiolejeunea	
unmerged_18S_19507	Eukaryota	Cercozoa	Cercozoa	Cercozoa	Cercozoa	Cercozoa	
unmerged_18S_19547	Eukaryota	Ciliophora	Oligohymenophorea	Sessilida	Zoothamniidae	Zoothamnium	
unmerged_18S_19576	Eukaryota	Eukaryota	Eukaryota	Eukaryota	Eukaryota	Eukaryota	
unmerged_18S_19584	Eukaryota	Eukaryota	Eukaryota	Eukaryota	Eukaryota	Eukaryota	
unmerged_18S_19589	Eukaryota	Apicomplexa	Aconoidasida	Piroplasmida	Babesiidae	Babesia	
unmerged_18S_19608	Eukaryota	Ciliophora	Prostomatea	Prorodontida	Colepidae	Colepidae	
unmerged_18S_19617	Eukaryota	Apicomplexa	Conoidasida	Eucoccidiorida	Sarcocystidae	Toxoplasma	
unmerged_18S_19642	Eukaryota	Apicomplexa	Conoidasida	Eucoccidiorida	Sarcocystidae	Cystoisospora	
unmerged_18S_19700	Eukaryota	Rhodophyta	Rhodellophyceae	Rhodellales	Rhodellaceae	Neorhodella	
unmerged_18S_19721	Eukaryota	Chlorophyta	Trebouxiophyceae	Microthamniales	Microthamniales	Microthamniales	
unmerged_18S_19766	Eukaryota	Perkinsozoa	Perkinsozoa	Perkinsozoa	Perkinsozoa	Perkinsozoa	
unmerged_18S_19767	Eukaryota	Ciliophora	Armophorea	Armophorida	Caenomorphidae	Caenomorpha	
unmerged_18S_19862	Eukaryota	Chlorophyta	Trebouxiophyceae	Chlorellales	Chlorellaceae	Prototheca	
unmerged_18S_19912	Eukaryota	Chlorophyta	Chlorophyceae	Chlamydomonadales	Chlamydomonadaceae	Polytoma	
unmerged_18S_20203	Eukaryota	Chlorophyta	Chlorophyceae	Chlamydomonadales	Dunaliellaceae	Dunaliella	
unmerged_18S_20218	Eukaryota	Ciliophora	Oligohymenophorea	Peniculida	Stokesiidae	Stokesiidae	
unmerged_18S_20230	Eukaryota	Ciliophora	Oligohymenophorea	Oligohymenophorea	Oligohymenophorea	Oligohymenophorea	
unmerged_18S_20234	Eukaryota	Ciliophora	Spirotrichea	Sporadotrichida	Oxytrichidae	Sterkiella	
unmerged_18S_20240	Eukaryota	Ciliophora	Spirotrichea	Urostylida	Urostylidae	Hemicycliostyla	
unmerged_18S_20284	Eukaryota	Ciliophora	Spirotrichea	Sporadotrichida	Halteriidae	Halteriidae	
unmerged_18S_20288	Eukaryota	Ciliophora	Spirotrichea	Urostylida	Holostichidae	Holostichidae	
unmerged_18S_20304	Eukaryota	Ciliophora	Spirotrichea	Urostylida	Urostylidae	Perisincirra	
unmerged_18S_20310	Eukaryota	Ciliophora	Litostomatea	Vestibuliferida	Vestibuliferida	Vestibuliferida	
unmerged_18S_20377	Eukaryota	Ciliophora	Spirotrichea	Spirotrichea	Spirotrichea	Spirotrichea	
unmerged_18S_20470	Eukaryota	Ciliophora	Spirotrichea	Sporadotrichida	Trachelostylidae	Cotterillia	
unmerged_18S_20559	Eukaryota	Ciliophora	Colpodea	Colpodida	Marynidae	Marynidae	
unmerged_18S_20574	Eukaryota	Ciliophora	Colpodea	Colpodida	Hausmanniellidae	Bresslauides	
unmerged_18S_20721	Eukaryota	Ciliophora	Colpodea	Colpodida	Sandmanniellidae	Sandmanniella	
unmerged_18S_20809	Eukaryota	Ciliophora	Colpodea	Cyrtolophosidida	Woodruffiidae	Kuklikophrya	
unmerged_18S_20827	Eukaryota	Eukaryota	Eukaryota	Eukaryota	Eukaryota	Eukaryota	
unmerged_18S_20863	Eukaryota	Nematoda	Chromadorea	Monhysterida	Monhysteridae	Eumonhystera	
unmerged_18S_20872	Eukaryota	Nematoda	Chromadorea	Rhabditida	Anguinidae	Ditylenchus	
unmerged_18S_20883	Eukaryota	Nematoda	Chromadorea	Rhabditida	Gnathostomatidae	Gnathostoma	
unmerged_18S_20884	Eukaryota	Nematoda	Chromadorea	Rhabditida	Rhabditida	Rhabditida	
unmerged_18S_20889	Eukaryota	Nematoda	Chromadorea	Plectida	Plectidae	Plectus	
unmerged_18S_20891	Eukaryota	Nematoda	Chromadorea	Plectida	Plectidae	Ceratoplectus	
unmerged_18S_20920	Eukaryota	Eukaryota	Eukaryota	Eukaryota	Eukaryota	Eukaryota	
unmerged_18S_21041	Eukaryota	Annelida	Polychaeta	Spionida	Chaetopteridae	Chaetopterus	
unmerged_18S_21082	Eukaryota	Cercozoa	Cercozoa	Cercozoa	Cercozoa	Cercozoa	
unmerged_18S_21300	Eukaryota	Nematoda	Chromadorea	Rhabditida	Anguinidae	Subanguina	
unmerged_18S_21444	Eukaryota	Eukaryota	Eukaryota	Eukaryota	Eukaryota	Eukaryota	